const unsigned char crochet_jpg[] = {
  0xff, 0xd8, 0xff, 0xe0, 0x00, 0x10, 0x4a, 0x46, 0x49, 0x46, 0x00, 0x01,
  0x01, 0x00, 0x00, 0x60, 0x00, 0x60, 0x00, 0x00, 0xff, 0xe1, 0x00, 0x80,
  0x45, 0x78, 0x69, 0x66, 0x00, 0x00, 0x4d, 0x4d, 0x00, 0x2a, 0x00, 0x00,
  0x00, 0x08, 0x00, 0x04, 0x01, 0x1a, 0x00, 0x05, 0x00, 0x00, 0x00, 0x01,
  0x00, 0x00, 0x00, 0x3e, 0x01, 0x1b, 0x00, 0x05, 0x00, 0x00, 0x00, 0x01,
  0x00, 0x00, 0x00, 0x46, 0x01, 0x28, 0x00, 0x03, 0x00, 0x00, 0x00, 0x01,
  0x00, 0x02, 0x00, 0x00, 0x87, 0x69, 0x00, 0x04, 0x00, 0x00, 0x00, 0x01,
  0x00, 0x00, 0x00, 0x4e, 0x00, 0x00, 0x00, 0x00, 0x00, 0x00, 0x00, 0x60,
  0x00, 0x00, 0x00, 0x01, 0x00, 0x00, 0x00, 0x60, 0x00, 0x00, 0x00, 0x01,
  0x00, 0x03, 0xa0, 0x01, 0x00, 0x03, 0x00, 0x00, 0x00, 0x01, 0x00, 0x01,
  0x00, 0x00, 0xa0, 0x02, 0x00, 0x04, 0x00, 0x00, 0x00, 0x01, 0x00, 0x00,
  0x00, 0xf0, 0xa0, 0x03, 0x00, 0x04, 0x00, 0x00, 0x00, 0x01, 0x00, 0x00,
  0x00, 0xf0, 0x00, 0x00, 0x00, 0x00, 0xff, 0xed, 0x00, 0x38, 0x50, 0x68,
  0x6f, 0x74, 0x6f, 0x73, 0x68, 0x6f, 0x70, 0x20, 0x33, 0x2e, 0x30, 0x00,
  0x38, 0x42, 0x49, 0x4d, 0x04, 0x04, 0x00, 0x00, 0x00, 0x00, 0x00, 0x00,
  0x38, 0x42, 0x49, 0x4d, 0x04, 0x25, 0x00, 0x00, 0x00, 0x00, 0x00, 0x10,
  0xd4, 0x1d, 0x8c, 0xd9, 0x8f, 0x00, 0xb2, 0x04, 0xe9, 0x80, 0x09, 0x98,
  0xec, 0xf8, 0x42, 0x7e, 0xff, 0xc0, 0x00, 0x11, 0x08, 0x00, 0xf0, 0x00,
  0xf0, 0x03, 0x01, 0x22, 0x00, 0x02, 0x11, 0x01, 0x03, 0x11, 0x01, 0xff,
  0xc4, 0x00, 0x1f, 0x00, 0x00, 0x01, 0x05, 0x01, 0x01, 0x01, 0x01, 0x01,
  0x01, 0x00, 0x00, 0x00, 0x00, 0x00, 0x00, 0x00, 0x00, 0x01, 0x02, 0x03,
  0x04, 0x05, 0x06, 0x07, 0x08, 0x09, 0x0a, 0x0b, 0xff, 0xc4, 0x00, 0xb5,
  0x10, 0x00, 0x02, 0x01, 0x03, 0x03, 0x02, 0x04, 0x03, 0x05, 0x05, 0x04,
  0x04, 0x00, 0x00, 0x01, 0x7d, 0x01, 0x02, 0x03, 0x00, 0x04, 0x11, 0x05,
  0x12, 0x21, 0x31, 0x41, 0x06, 0x13, 0x51, 0x61, 0x07, 0x22, 0x71, 0x14,
  0x32, 0x81, 0x91, 0xa1, 0x08, 0x23, 0x42, 0xb1, 0xc1, 0x15, 0x52, 0xd1,
  0xf0, 0x24, 0x33, 0x62, 0x72, 0x82, 0x09, 0x0a, 0x16, 0x17, 0x18, 0x19,
  0x1a, 0x25, 0x26, 0x27, 0x28, 0x29, 0x2a, 0x34, 0x35, 0x36, 0x37, 0x38,
  0x39, 0x3a, 0x43, 0x44, 0x45, 0x46, 0x47, 0x48, 0x49, 0x4a, 0x53, 0x54,
  0x55, 0x56, 0x57, 0x58, 0x59, 0x5a, 0x63, 0x64, 0x65, 0x66, 0x67, 0x68,
  0x69, 0x6a, 0x73, 0x74, 0x75, 0x76, 0x77, 0x78, 0x79, 0x7a, 0x83, 0x84,
  0x85, 0x86, 0x87, 0x88, 0x89, 0x8a, 0x92, 0x93, 0x94, 0x95, 0x96, 0x97,
  0x98, 0x99, 0x9a, 0xa2, 0xa3, 0xa4, 0xa5, 0xa6, 0xa7, 0xa8, 0xa9, 0xaa,
  0xb2, 0xb3, 0xb4, 0xb5, 0xb6, 0xb7, 0xb8, 0xb9, 0xba, 0xc2, 0xc3, 0xc4,
  0xc5, 0xc6, 0xc7, 0xc8, 0xc9, 0xca, 0xd2, 0xd3, 0xd4, 0xd5, 0xd6, 0xd7,
  0xd8, 0xd9, 0xda, 0xe1, 0xe2, 0xe3, 0xe4, 0xe5, 0xe6, 0xe7, 0xe8, 0xe9,
  0xea, 0xf1, 0xf2, 0xf3, 0xf4, 0xf5, 0xf6, 0xf7, 0xf8, 0xf9, 0xfa, 0xff,
  0xc4, 0x00, 0x1f, 0x01, 0x00, 0x03, 0x01, 0x01, 0x01, 0x01, 0x01, 0x01,
  0x01, 0x01, 0x01, 0x00, 0x00, 0x00, 0x00, 0x00, 0x00, 0x01, 0x02, 0x03,
  0x04, 0x05, 0x06, 0x07, 0x08, 0x09, 0x0a, 0x0b, 0xff, 0xc4, 0x00, 0xb5,
  0x11, 0x00, 0x02, 0x01, 0x02, 0x04, 0x04, 0x03, 0x04, 0x07, 0x05, 0x04,
  0x04, 0x00, 0x01, 0x02, 0x77, 0x00, 0x01, 0x02, 0x03, 0x11, 0x04, 0x05,
  0x21, 0x31, 0x06, 0x12, 0x41, 0x51, 0x07, 0x61, 0x71, 0x13, 0x22, 0x32,
  0x81, 0x08, 0x14, 0x42, 0x91, 0xa1, 0xb1, 0xc1, 0x09, 0x23, 0x33, 0x52,
  0xf0, 0x15, 0x62, 0x72, 0xd1, 0x0a, 0x16, 0x24, 0x34, 0xe1, 0x25, 0xf1,
  0x17, 0x18, 0x19, 0x1a, 0x26, 0x27, 0x28, 0x29, 0x2a, 0x35, 0x36, 0x37,
  0x38, 0x39, 0x3a, 0x43, 0x44, 0x45, 0x46, 0x47, 0x48, 0x49, 0x4a, 0x53,
  0x54, 0x55, 0x56, 0x57, 0x58, 0x59, 0x5a, 0x63, 0x64, 0x65, 0x66, 0x67,
  0x68, 0x69, 0x6a, 0x73, 0x74, 0x75, 0x76, 0x77, 0x78, 0x79, 0x7a, 0x82,
  0x83, 0x84, 0x85, 0x86, 0x87, 0x88, 0x89, 0x8a, 0x92, 0x93, 0x94, 0x95,
  0x96, 0x97, 0x98, 0x99, 0x9a, 0xa2, 0xa3, 0xa4, 0xa5, 0xa6, 0xa7, 0xa8,
  0xa9, 0xaa, 0xb2, 0xb3, 0xb4, 0xb5, 0xb6, 0xb7, 0xb8, 0xb9, 0xba, 0xc2,
  0xc3, 0xc4, 0xc5, 0xc6, 0xc7, 0xc8, 0xc9, 0xca, 0xd2, 0xd3, 0xd4, 0xd5,
  0xd6, 0xd7, 0xd8, 0xd9, 0xda, 0xe2, 0xe3, 0xe4, 0xe5, 0xe6, 0xe7, 0xe8,
  0xe9, 0xea, 0xf2, 0xf3, 0xf4, 0xf5, 0xf6, 0xf7, 0xf8, 0xf9, 0xfa, 0xff,
  0xdb, 0x00, 0x43, 0x00, 0x02, 0x02, 0x02, 0x02, 0x02, 0x02, 0x03, 0x02,
  0x02, 0x03, 0x05, 0x03, 0x03, 0x03, 0x05, 0x06, 0x05, 0x05, 0x05, 0x05,
  0x06, 0x08, 0x06, 0x06, 0x06, 0x06, 0x06, 0x08, 0x0a, 0x08, 0x08, 0x08,
  0x08, 0x08, 0x08, 0x0a, 0x0a, 0x0a, 0x0a, 0x0a, 0x0a, 0x0a, 0x0a, 0x0c,
  0x0c, 0x0c, 0x0c, 0x0c, 0x0c, 0x0e, 0x0e, 0x0e, 0x0e, 0x0e, 0x0f, 0x0f,
  0x0f, 0x0f, 0x0f, 0x0f, 0x0f, 0x0f, 0x0f, 0x0f, 0xff, 0xdb, 0x00, 0x43,
  0x01, 0x02, 0x02, 0x02, 0x04, 0x04, 0x04, 0x07, 0x04, 0x04, 0x07, 0x10,
  0x0b, 0x09, 0x0b, 0x10, 0x10, 0x10, 0x10, 0x10, 0x10, 0x10, 0x10, 0x10,
  0x10, 0x10, 0x10, 0x10, 0x10, 0x10, 0x10, 0x10, 0x10, 0x10, 0x10, 0x10,
  0x10, 0x10, 0x10, 0x10, 0x10, 0x10, 0x10, 0x10, 0x10, 0x10, 0x10, 0x10,
  0x10, 0x10, 0x10, 0x10, 0x10, 0x10, 0x10, 0x10, 0x10, 0x10, 0x10, 0x10,
  0x10, 0x10, 0x10, 0x10, 0x10, 0xff, 0xdd, 0x00, 0x04, 0x00, 0x0f, 0xff,
  0xda, 0x00, 0x0c, 0x03, 0x01, 0x00, 0x02, 0x11, 0x03, 0x11, 0x00, 0x3f,
  0x00, 0xfd, 0xfc, 0xa2, 0x8a, 0x28, 0x00, 0xa2, 0x8a, 0x28, 0x00, 0xa2,
  0x8a, 0x28, 0x00, 0xa2, 0x8a, 0x28, 0x00, 0xa2, 0x8a, 0x28, 0x00, 0xa2,
  0x8a, 0x28, 0x00, 0xa2, 0x8a, 0x28, 0x00, 0xa2, 0x8a, 0x28, 0x00, 0xa2,
  0x8a, 0x28, 0x00, 0xa2, 0x8a, 0x28, 0x00, 0xaf, 0xc6, 0xef, 0xf8, 0x2c,
  0xd7, 0xc4, 0x8f, 0x1b, 0x78, 0x3b, 0xe0, 0xc7, 0x83, 0xfc, 0x2d, 0xe1,
  0x6d, 0x52, 0x6d, 0x33, 0x4f, 0xf1, 0x56, 0xa5, 0x71, 0x16, 0xa6, 0x2d,
  0xdc, 0xc6, 0xf7, 0x10, 0xdb, 0xc2, 0x19, 0x61, 0x66, 0x5c, 0x1f, 0x2d,
  0x99, 0xf2, 0xcb, 0xd1, 0xb0, 0x33, 0xc7, 0x15, 0xfb, 0x23, 0x5f, 0x88,
  0x5f, 0xf0, 0x5b, 0xc8, 0xb3, 0xf0, 0xaf, 0xe1, 0xac, 0xdf, 0xdc, 0xd6,
  0xae, 0xd7, 0xfe, 0xfa, 0xb6, 0xcf, 0xf4, 0xa0, 0x0f, 0x2e, 0xff, 0x00,
  0x82, 0x3c, 0x7e, 0xd5, 0x1a, 0xb3, 0xeb, 0xba, 0x8f, 0xec, 0xcd, 0xe3,
  0x9d, 0x56, 0x5b, 0xab, 0x5b, 0x88, 0x1a, 0xf7, 0xc3, 0x9f, 0x68, 0x90,
  0xbf, 0x92, 0xf0, 0x0c, 0xdc, 0x5a, 0x46, 0x58, 0x92, 0x15, 0x93, 0xf7,
  0xa8, 0x83, 0x85, 0xd8, 0xf8, 0xfb, 0xd5, 0xfd, 0x07, 0x57, 0xf0, 0x6d,
  0xf0, 0xeb, 0xc7, 0x9e, 0x21, 0xf8, 0x5d, 0xe3, 0xbd, 0x07, 0xe2, 0x27,
  0x84, 0xe7, 0xfb, 0x3e, 0xaf, 0xe1, 0xdb, 0xc8, 0x6f, 0x6d, 0x9f, 0xb6,
  0xf8, 0x58, 0x36, 0xd6, 0xf5, 0x56, 0x19, 0x56, 0x1d, 0xd4, 0x91, 0x5f,
  0xdb, 0xf7, 0xc1, 0xbf, 0x8a, 0x3e, 0x1e, 0xf8, 0xd5, 0xf0, 0xbb, 0xc3,
  0x3f, 0x14, 0xfc, 0x2e, 0xe1, 0xb4, 0xef, 0x12, 0x59, 0x45, 0x74, 0xab,
  0x9c, 0x98, 0x9d, 0x86, 0x25, 0x85, 0x88, 0xfe, 0x28, 0xa4, 0x0c, 0x8d,
  0xee, 0xa6, 0x80, 0x3d, 0x2e, 0x8a, 0x28, 0xa0, 0x02, 0x8a, 0x28, 0xa0,
  0x02, 0x8a, 0x28, 0xa0, 0x0f, 0xff, 0xd0, 0xfd, 0xfc, 0xa2, 0xbe, 0x75,
  0xfd, 0xa4, 0xff, 0x00, 0x6a, 0x0f, 0x85, 0x5f, 0xb2, 0xcf, 0x82, 0x3f,
  0xe1, 0x32, 0xf8, 0x95, 0x7a, 0xde, 0x65, 0xc9, 0x68, 0xec, 0x34, 0xeb,
  0x70, 0x1e, 0xf2, 0xfa, 0x65, 0x19, 0x29, 0x12, 0x12, 0x06, 0x17, 0x23,
  0x7b, 0xb1, 0x0a, 0xa0, 0x8c, 0x9c, 0x90, 0x0f, 0xe1, 0x0f, 0x8f, 0xff,
  0x00, 0xe0, 0xb4, 0xbf, 0x1f, 0x75, 0x8d, 0x56, 0x53, 0xf0, 0xeb, 0xc2,
  0xda, 0x1f, 0x87, 0x34, 0xb0, 0xc7, 0xcb, 0x4b, 0xb4, 0x9a, 0xfe, 0xe4,
  0xaf, 0x6d, 0xf2, 0x79, 0x90, 0xa6, 0x71, 0xd4, 0x08, 0xc7, 0xd6, 0x80,
  0x3f, 0xa6, 0x8a, 0x2b, 0xf9, 0x62, 0x87, 0xfe, 0x0b, 0x25, 0xfb, 0x5b,
  0xc5, 0xfe, 0xb2, 0xcf, 0xc3, 0x32, 0xff, 0x00, 0xbd, 0xa7, 0x4e, 0x3f,
  0xf4, 0x1b, 0x91, 0x5a, 0xf0, 0xff, 0x00, 0xc1, 0x68, 0x7f, 0x6a, 0x78,
  0xff, 0x00, 0xd7, 0x68, 0x1e, 0x14, 0x97, 0xfe, 0xdc, 0xaf, 0x01, 0xfd,
  0x2f, 0x28, 0x03, 0xfa, 0x86, 0xa2, 0xbf, 0x98, 0xf8, 0x7f, 0xe0, 0xb5,
  0x7f, 0xb4, 0x7a, 0x63, 0xcf, 0xf0, 0x8f, 0x85, 0xe4, 0xfa, 0x43, 0x78,
  0xbf, 0xfb, 0x74, 0x6b, 0x5a, 0x2f, 0xf8, 0x2d, 0xa7, 0xc7, 0x85, 0x1f,
  0xbe, 0xf0, 0x27, 0x86, 0xdf, 0xe9, 0xf6, 0xc5, 0xff, 0x00, 0xda, 0xe6,
  0x80, 0x3f, 0xa5, 0xaa, 0x2b, 0xf9, 0xb6, 0x8b, 0xfe, 0x0b, 0x73, 0xf1,
  0x88, 0x7f, 0xaf, 0xf8, 0x75, 0xa0, 0xbf, 0xfb, 0xb3, 0xdd, 0x2f, 0xf3,
  0x76, 0xad, 0x48, 0x7f, 0xe0, 0xb7, 0xff, 0x00, 0x12, 0x17, 0xfd, 0x7f,
  0xc3, 0x0d, 0x25, 0xff, 0x00, 0xdd, 0xbe, 0xb8, 0x5f, 0xe6, 0x8d, 0x40,
  0x1f, 0xd1, 0xad, 0x15, 0xfc, 0xee, 0xc3, 0xff, 0x00, 0x05, 0xc4, 0xf1,
  0x72, 0xff, 0x00, 0xaf, 0xf8, 0x4b, 0x62, 0xff, 0x00, 0xee, 0xea, 0xd2,
  0xaf, 0xf3, 0xb7, 0x6a, 0xd5, 0x87, 0xfe, 0x0b, 0x91, 0xa9, 0xff, 0x00,
  0xcb, 0xcf, 0xc1, 0xf8, 0x7f, 0xe0, 0x1a, 0xdb, 0x7f, 0x5b, 0x3a, 0x00,
  0xfe, 0x83, 0x68, 0xaf, 0xc0, 0x98, 0x7f, 0xe0, 0xb8, 0xd6, 0x9c, 0x7d,
  0xa3, 0xe1, 0x0b, 0x8f, 0xf7, 0x35, 0x90, 0x7f, 0x9d, 0xa5, 0x6b, 0x43,
  0xff, 0x00, 0x05, 0xc5, 0xf0, 0xb9, 0x1f, 0xbf, 0xf8, 0x49, 0x78, 0x0f,
  0xfb, 0x3a, 0xbc, 0x67, 0xf9, 0xdb, 0x0a, 0x00, 0xfd, 0x36, 0xfd, 0xab,
  0x7f, 0x6b, 0xcf, 0x86, 0x1f, 0xb2, 0x4f, 0x83, 0x60, 0xf1, 0x17, 0x8e,
  0x1a, 0x4b, 0xfd, 0x57, 0x53, 0x2e, 0x9a, 0x66, 0x93, 0x6c, 0x54, 0x5c,
  0xde, 0x3a, 0x63, 0x71, 0xcb, 0x71, 0x1c, 0x49, 0x91, 0xbe, 0x46, 0xe0,
  0x64, 0x00, 0x19, 0x88, 0x07, 0xf1, 0x33, 0x54, 0xff, 0x00, 0x82, 0xd8,
  0xfc, 0x79, 0x9b, 0x5a, 0x37, 0x3a, 0x37, 0x81, 0xfc, 0x39, 0x69, 0xa5,
  0x6e, 0xc8, 0xb6, 0x9f, 0xed, 0x73, 0xcf, 0xb3, 0x3d, 0x0c, 0xeb, 0x34,
  0x4b, 0x9c, 0x77, 0x11, 0x8f, 0xa5, 0x7c, 0x0f, 0xfb, 0x62, 0xfe, 0xd3,
  0x1a, 0x8f, 0xed, 0x5b, 0xf1, 0xa6, 0xf7, 0xe2, 0x7c, 0xd6, 0x72, 0xe9,
  0x5a, 0x68, 0xb6, 0xb7, 0xb3, 0xd3, 0xf4, 0xf9, 0x66, 0x13, 0x1b, 0x58,
  0x21, 0x4f, 0x99, 0x77, 0x80, 0xa0, 0x97, 0x94, 0xbc, 0x87, 0x00, 0x7d,
  0xec, 0x76, 0xaf, 0xd7, 0x3f, 0xd9, 0xd7, 0xfe, 0x09, 0x33, 0xf0, 0x57,
  0xe2, 0x37, 0xec, 0xd3, 0xe1, 0xdf, 0x19, 0x78, 0xd7, 0x58, 0xd5, 0x07,
  0x8c, 0x3c, 0x65, 0xa5, 0x43, 0xaa, 0x43, 0x77, 0x6b, 0x32, 0xa5, 0xbd,
  0x88, 0xbb, 0x8c, 0x4b, 0x02, 0x2c, 0x05, 0x08, 0x90, 0x2a, 0xb2, 0xf9,
  0x9b, 0x9b, 0x2c, 0x73, 0xb4, 0xaf, 0x14, 0x01, 0xf6, 0x8f, 0xec, 0x5f,
  0xff, 0x00, 0x05, 0x11, 0xf8, 0x73, 0xfb, 0x59, 0x4c, 0xfe, 0x0e, 0xbe,
  0xb1, 0x3e, 0x13, 0xf1, 0xdd, 0xbc, 0x46, 0x63, 0xa6, 0xc9, 0x28, 0x96,
  0x1b, 0xb8, 0xd0, 0x65, 0xe4, 0xb4, 0x97, 0x0a, 0x5b, 0x6f, 0x56, 0x8d,
  0x94, 0x32, 0x8e, 0x46, 0xe0, 0x09, 0x1f, 0xa2, 0x35, 0xfc, 0x2e, 0xf8,
  0x3f, 0xc4, 0xbe, 0x22, 0xf8, 0x01, 0xf1, 0xb3, 0x4e, 0xf1, 0x26, 0x97,
  0x70, 0x57, 0x57, 0xf0, 0x2e, 0xb4, 0x1b, 0x7c, 0x27, 0x02, 0x46, 0xb2,
  0x98, 0xa4, 0x8a, 0x33, 0xd5, 0x24, 0x55, 0x65, 0x20, 0xf5, 0x52, 0x41,
  0xeb, 0x5f, 0xd0, 0x7c, 0x3f, 0xf0, 0x5a, 0xff, 0x00, 0xd9, 0xd5, 0xff,
  0x00, 0xd7, 0x78, 0x33, 0xc5, 0x11, 0xff, 0x00, 0xdb, 0x2b, 0x23, 0xff,
  0x00, 0xb7, 0x54, 0x01, 0xfa, 0x91, 0xf1, 0x7b, 0xe2, 0xef, 0x80, 0xbe,
  0x06, 0x78, 0x03, 0x54, 0xf8, 0x97, 0xf1, 0x27, 0x52, 0x5d, 0x33, 0x44,
  0xd2, 0x90, 0x17, 0x6c, 0x6e, 0x92, 0x59, 0x1b, 0x84, 0x86, 0x14, 0x1c,
  0xbc, 0x8e, 0x78, 0x55, 0x1f, 0x53, 0x80, 0x09, 0x1f, 0x81, 0xdf, 0x11,
  0x3f, 0xe0, 0xb6, 0x7f, 0x13, 0xae, 0xb5, 0xc9, 0x97, 0xe1, 0x57, 0x81,
  0x34, 0x9d, 0x3b, 0x46, 0x47, 0x22, 0x23, 0xac, 0x34, 0xf7, 0x77, 0x52,
  0x20, 0xe8, 0xce, 0x20, 0x96, 0x14, 0x42, 0x7f, 0xba, 0x37, 0xe3, 0xfb,
  0xc6, 0xbe, 0x7e, 0xff, 0x00, 0x82, 0x8a, 0x7e, 0xdd, 0x9e, 0x1b, 0xfd,
  0xae, 0x13, 0xc1, 0xfa, 0x07, 0xc3, 0xab, 0x5d, 0x4f, 0x4b, 0xf0, 0xee,
  0x83, 0xf6, 0x8b, 0x9b, 0xa8, 0x35, 0x04, 0x8a, 0x36, 0x9a, 0xf6, 0x5c,
  0x24, 0x6f, 0x88, 0xa4, 0x90, 0x11, 0x1c, 0x61, 0x82, 0x92, 0x46, 0x37,
  0xb7, 0x15, 0xec, 0x5f, 0xf0, 0x4e, 0x3f, 0xf8, 0x27, 0xa7, 0xc2, 0x8f,
  0xda, 0x4f, 0xe1, 0x7e, 0xb1, 0xf1, 0x63, 0xe2, 0xe5, 0xe5, 0xf4, 0xf0,
  0x7f, 0x68, 0x4d, 0xa6, 0x58, 0xd9, 0x58, 0xcc, 0x2d, 0x82, 0x18, 0x23,
  0x8d, 0xde, 0x69, 0x1f, 0x6b, 0x33, 0x31, 0x32, 0x00, 0x8a, 0x30, 0x06,
  0x09, 0x3b, 0xb2, 0x00, 0x00, 0xfb, 0x2b, 0xf6, 0x4c, 0xff, 0x00, 0x82,
  0xb6, 0x78, 0x4f, 0xe3, 0x17, 0x8a, 0xec, 0x3e, 0x1c, 0x7c, 0x6b, 0xd1,
  0x20, 0xf0, 0x66, 0xb7, 0xaa, 0xc8, 0xb0, 0x59, 0x6a, 0x36, 0xd2, 0xb3,
  0xe9, 0xb3, 0xce, 0xe4, 0x04, 0x8a, 0x41, 0x2e, 0x5e, 0x06, 0x73, 0xc2,
  0x92, 0xce, 0xa4, 0xf0, 0x4a, 0xf1, 0x9f, 0xd9, 0x1a, 0xfe, 0x26, 0x7f,
  0x6b, 0x9f, 0x81, 0x56, 0xdf, 0xb3, 0x4f, 0xed, 0x07, 0xe2, 0x8f, 0x84,
  0x7a, 0x5e, 0xa3, 0x26, 0xa5, 0x63, 0xa4, 0x3c, 0x13, 0x59, 0xdc, 0x4b,
  0x81, 0x31, 0xb7, 0xba, 0x85, 0x2e, 0x23, 0x12, 0x6d, 0x00, 0x6f, 0x40,
  0xfb, 0x58, 0x80, 0x01, 0x23, 0x20, 0x0c, 0xe0, 0x7e, 0xea, 0xfc, 0x0b,
  0xff, 0x00, 0x82, 0xb4, 0x7e, 0xce, 0xda, 0x67, 0xc2, 0x1f, 0x07, 0xe8,
  0xff, 0x00, 0x16, 0x35, 0x4d, 0x57, 0xfe, 0x12, 0xed, 0x3f, 0x4c, 0xb6,
  0xb6, 0xd4, 0xe4, 0x4b, 0x07, 0x99, 0x24, 0xb9, 0x85, 0x04, 0x6d, 0x20,
  0x75, 0x6f, 0x98, 0xbe, 0xdd, 0xc4, 0xe3, 0xa9, 0x34, 0x01, 0xfb, 0x23,
  0x5f, 0x8a, 0x5f, 0xf0, 0x5b, 0x88, 0xb3, 0xf0, 0x57, 0xe1, 0xec, 0xdf,
  0xdc, 0xf1, 0x04, 0x8b, 0xff, 0x00, 0x7d, 0x5a, 0x48, 0x7f, 0xa5, 0x7d,
  0x05, 0x0f, 0xfc, 0x15, 0xa7, 0xf6, 0x2b, 0x97, 0xef, 0xf8, 0x93, 0x51,
  0x8b, 0xfd, 0xed, 0x26, 0xe8, 0xff, 0x00, 0xe8, 0x28, 0x6b, 0xf3, 0xab,
  0xfe, 0x0a, 0x6d, 0xfb, 0x66, 0xfe, 0xce, 0xbf, 0xb4, 0xbf, 0xc1, 0xbf,
  0x0d, 0x78, 0x63, 0xe1, 0x2e, 0xbf, 0x3e, 0xa7, 0xac, 0x69, 0x5a, 0xea,
  0x5e, 0xcb, 0x0c, 0xb6, 0x37, 0x36, 0xc0, 0x5b, 0xfd, 0x96, 0x78, 0xd9,
  0xb7, 0xcd, 0x1a, 0xa9, 0x21, 0x9d, 0x38, 0x07, 0x3f, 0x95, 0x00, 0x7e,
  0x35, 0xd8, 0x78, 0x3b, 0x5f, 0xd4, 0xfc, 0x27, 0xab, 0xf8, 0xda, 0xc6,
  0xd8, 0xcd, 0xa5, 0x68, 0x57, 0x16, 0x96, 0xd7, 0xb2, 0x2f, 0x26, 0x17,
  0xbe, 0x12, 0xf9, 0x05, 0x87, 0xf7, 0x58, 0xc2, 0xcb, 0x9f, 0x5c, 0x0e,
  0xe2, 0xbf, 0x73, 0x7f, 0xe0, 0x8c, 0x5f, 0xb4, 0x53, 0x47, 0x73, 0xe2,
  0x0f, 0xd9, 0xa3, 0xc4, 0x57, 0x3f, 0x24, 0xa1, 0xf5, 0x9d, 0x0c, 0x39,
  0xe8, 0xc3, 0x02, 0xf2, 0x05, 0xfa, 0x8d, 0xb2, 0xa8, 0x1e, 0x92, 0x1e,
  0xf5, 0xf3, 0xef, 0xfc, 0x12, 0xdb, 0xe1, 0x96, 0x85, 0xf1, 0xc7, 0xc3,
  0xff, 0x00, 0x1f, 0x7e, 0x0b, 0x78, 0x83, 0x68, 0x83, 0xc5, 0x3e, 0x1e,
  0xb2, 0x58, 0xdc, 0x8c, 0xf9, 0x33, 0xc3, 0x34, 0xa6, 0x09, 0x80, 0xf5,
  0x8a, 0x56, 0x47, 0x1f, 0x4c, 0x57, 0xe7, 0xd7, 0xc3, 0xff, 0x00, 0x15,
  0xf8, 0xcb, 0xf6, 0x61, 0xf8, 0xfd, 0xa6, 0x78, 0x95, 0xa1, 0x6b, 0x5f,
  0x10, 0x78, 0x03, 0x5a, 0x29, 0x75, 0x6f, 0x9c, 0x16, 0x6b, 0x59, 0x4c,
  0x57, 0x30, 0x13, 0xfd, 0xd9, 0x14, 0x3c, 0x67, 0xd8, 0xd0, 0x07, 0xf7,
  0x1d, 0x45, 0x79, 0xef, 0x81, 0x7e, 0x2b, 0x7c, 0x3a, 0xf8, 0x95, 0xa3,
  0x58, 0x6b, 0x9e, 0x09, 0xf1, 0x15, 0x86, 0xad, 0x06, 0xa3, 0x04, 0x77,
  0x11, 0xad, 0xbd, 0xcc, 0x52, 0x48, 0x16, 0x55, 0x0e, 0x03, 0xa2, 0xb1,
  0x2a, 0xc0, 0x1f, 0x99, 0x48, 0xc8, 0x3c, 0x1a, 0xf4, 0x2a, 0x00, 0x28,
  0xa2, 0x8a, 0x00, 0x28, 0xa2, 0x8a, 0x00, 0xff, 0xd1, 0xfc, 0xc0, 0xfd,
  0xb9, 0x7e, 0x3d, 0xea, 0xff, 0x00, 0xb4, 0x4f, 0xed, 0x23, 0xe2, 0x9f,
  0x13, 0x35, 0xd3, 0xdc, 0xe8, 0xba, 0x65, 0xd4, 0x9a, 0x56, 0x8b, 0x08,
  0x24, 0xc7, 0x1d, 0x8d, 0xab, 0x94, 0x46, 0x45, 0xf5, 0x99, 0x81, 0x95,
  0xbb, 0x92, 0xd8, 0xe8, 0x05, 0x7e, 0xc5, 0x7e, 0xcc, 0x1f, 0xf0, 0x48,
  0x7f, 0x84, 0x56, 0xbf, 0x0f, 0x74, 0xcf, 0x11, 0xfe, 0xd1, 0x0b, 0x79,
  0xae, 0xf8, 0xa3, 0x57, 0xb7, 0x8e, 0xe2, 0x5d, 0x3e, 0x1b, 0x97, 0xb4,
  0xb5, 0xb0, 0x12, 0xae, 0xe1, 0x0e, 0x61, 0x2b, 0x24, 0x92, 0xa8, 0x38,
  0x76, 0x2f, 0xb7, 0x77, 0x0a, 0xb8, 0x1b, 0x8f, 0xe0, 0x47, 0xc5, 0x0f,
  0x04, 0xeb, 0x1f, 0x05, 0xbe, 0x31, 0xf8, 0x8f, 0xc0, 0xda, 0xac, 0x64,
  0xdf, 0x78, 0x4b, 0x57, 0x9a, 0xdf, 0xf7, 0x83, 0xfd, 0x60, 0xb7, 0x94,
  0x98, 0xdf, 0xdd, 0x64, 0x50, 0xac, 0x0f, 0x70, 0x73, 0x5f, 0xda, 0x07,
  0xc0, 0x2f, 0x8e, 0x9e, 0x04, 0xfd, 0xa1, 0xbe, 0x19, 0xe9, 0x1f, 0x12,
  0x3c, 0x07, 0x7f, 0x15, 0xd4, 0x17, 0xd0, 0xc7, 0xf6, 0xab, 0x75, 0x70,
  0x66, 0xb2, 0xba, 0xda, 0x3c, 0xcb, 0x79, 0x93, 0xaa, 0x3a, 0x36, 0x47,
  0x3d, 0x46, 0x18, 0x65, 0x48, 0x24, 0x03, 0xe4, 0x49, 0x7f, 0xe0, 0x93,
  0xbf, 0xb1, 0x44, 0x9c, 0xaf, 0x85, 0x2f, 0xa3, 0xff, 0x00, 0x77, 0x56,
  0xbc, 0xfe, 0xb2, 0x1a, 0xce, 0x97, 0xfe, 0x09, 0x1f, 0xfb, 0x18, 0x49,
  0xf7, 0x34, 0x3d, 0x56, 0x2f, 0xf7, 0x75, 0x59, 0xff, 0x00, 0xf6, 0x6c,
  0xd7, 0xe9, 0xa5, 0x14, 0x01, 0xf9, 0x71, 0x37, 0xfc, 0x12, 0x03, 0xf6,
  0x3b, 0x97, 0xee, 0x5a, 0xeb, 0xb1, 0x7f, 0xbb, 0xa9, 0x93, 0xff, 0x00,
  0xa1, 0x46, 0x6b, 0x2e, 0x6f, 0xf8, 0x23, 0x87, 0xec, 0x8b, 0x27, 0xdc,
  0xb9, 0xf1, 0x2c, 0x5f, 0xee, 0xea, 0x30, 0xff, 0x00, 0xec, 0xd6, 0xc6,
  0xbf, 0x56, 0x89, 0x03, 0x92, 0x71, 0x51, 0xb5, 0xc4, 0x0b, 0xf7, 0xa4,
  0x51, 0xf5, 0x22, 0x80, 0x3f, 0x25, 0x26, 0xff, 0x00, 0x82, 0x30, 0xfe,
  0xca, 0x8f, 0xfe, 0xa7, 0x5b, 0xf1, 0x54, 0x5f, 0xf6, 0xfd, 0x68, 0xdf,
  0xce, 0xce, 0xb2, 0x26, 0xff, 0x00, 0x82, 0x2b, 0x7e, 0xcd, 0x6f, 0xfe,
  0xa3, 0xc5, 0x5e, 0x28, 0x8f, 0xeb, 0x71, 0x66, 0xdf, 0xfb, 0x6a, 0x2b,
  0xf5, 0xea, 0x4d, 0x4f, 0x4e, 0x84, 0x66, 0x5b, 0xb8, 0x90, 0x7f, 0xb4,
  0xea, 0x3f, 0x99, 0xac, 0xe9, 0x7c, 0x55, 0xe1, 0x88, 0x3f, 0xd7, 0x6b,
  0x16, 0x71, 0xff, 0x00, 0xbd, 0x71, 0x18, 0xfe, 0x6d, 0x40, 0x1f, 0x90,
  0x13, 0x7f, 0xc1, 0x13, 0x7e, 0x01, 0x31, 0xfd, 0xcf, 0x8e, 0x7c, 0x4b,
  0x1f, 0xd4, 0xd9, 0xb7, 0xfe, 0xdb, 0x8a, 0xcd, 0x97, 0xfe, 0x08, 0x8f,
  0xf0, 0x61, 0xbf, 0xd4, 0x7c, 0x43, 0xf1, 0x02, 0x7f, 0xbd, 0x15, 0xa3,
  0x7f, 0x28, 0xd6, 0xbf, 0x60, 0x25, 0xf8, 0x83, 0xe0, 0x18, 0x7f, 0xd7,
  0x78, 0x97, 0x4c, 0x8f, 0xfd, 0xeb, 0xc8, 0x47, 0xf3, 0x7a, 0xcd, 0x97,
  0xe2, 0xd7, 0xc2, 0xb8, 0x3f, 0xd7, 0xf8, 0xcf, 0x45, 0x8f, 0xfd, 0xed,
  0x46, 0xd8, 0x7f, 0x39, 0x28, 0x03, 0xf1, 0xf6, 0x6f, 0xf8, 0x22, 0x0f,
  0xc3, 0x16, 0xff, 0x00, 0x8f, 0x7f, 0x89, 0xba, 0xc2, 0x7f, 0xbd, 0x65,
  0x6e, 0xdf, 0xc9, 0x96, 0xb2, 0xe6, 0xff, 0x00, 0x82, 0x1e, 0x78, 0x31,
  0xbf, 0xe3, 0xdf, 0xe2, 0xc6, 0xa0, 0x9f, 0xef, 0x69, 0x51, 0x37, 0xf2,
  0x9d, 0x6b, 0xf6, 0x0e, 0x6f, 0x8e, 0x9f, 0x04, 0x6d, 0xff, 0x00, 0xd7,
  0xfc, 0x42, 0xf0, 0xec, 0x78, 0xfe, 0xf6, 0xad, 0x68, 0x3f, 0x9c, 0xb5,
  0x93, 0x3f, 0xed, 0x25, 0xfb, 0x3b, 0xdb, 0x67, 0xed, 0x1f, 0x14, 0x3c,
  0x2f, 0x1e, 0x3f, 0xbd, 0xad, 0x59, 0x0f, 0xfd, 0xab, 0x40, 0x1f, 0xc6,
  0xb7, 0xed, 0x15, 0xf0, 0x9a, 0x0f, 0x81, 0x5f, 0x1b, 0x3c, 0x5d, 0xf0,
  0x8e, 0xdb, 0x52, 0x6d, 0x62, 0x2f, 0x0c, 0x5e, 0x7d, 0x95, 0x6e, 0xde,
  0x21, 0x03, 0x4c, 0x36, 0x2b, 0xee, 0x31, 0x86, 0x70, 0xbf, 0x7b, 0x18,
  0xdc, 0x6b, 0xfb, 0x0f, 0xfd, 0x92, 0xbf, 0xe4, 0xd6, 0xfe, 0x11, 0x7f,
  0xd8, 0xa7, 0xa2, 0x7f, 0xe9, 0x14, 0x55, 0xfc, 0x9b, 0xfe, 0xdc, 0xfe,
  0x20, 0xd0, 0x7c, 0x57, 0xfb, 0x5a, 0xfc, 0x4d, 0xf1, 0x0f, 0x86, 0x35,
  0x1b, 0x6d, 0x5f, 0x4a, 0xbe, 0xd5, 0x37, 0xdb, 0xdd, 0xda, 0x4a, 0x93,
  0xc1, 0x32, 0x79, 0x51, 0x8d, 0xc9, 0x22, 0x12, 0xac, 0x32, 0x08, 0xc8,
  0x35, 0xfd, 0x64, 0x7e, 0xc9, 0x5f, 0xf2, 0x6b, 0x7f, 0x08, 0xbf, 0xec,
  0x53, 0xd1, 0x3f, 0xf4, 0x8a, 0x2a, 0x00, 0xfe, 0x34, 0x3e, 0x2c, 0xc7,
  0xe6, 0xfc, 0x5f, 0xf1, 0x9c, 0x40, 0xe3, 0x7e, 0xbb, 0xa8, 0xae, 0x7e,
  0xb7, 0x52, 0x0a, 0xfd, 0x86, 0x3f, 0xf0, 0x44, 0x1f, 0x1c, 0xbc, 0x6b,
  0x25, 0xbf, 0xc5, 0x5d, 0x35, 0xc3, 0x80, 0x46, 0xed, 0x32, 0x65, 0xeb,
  0xf4, 0x98, 0xd7, 0xe3, 0xe7, 0xc5, 0x56, 0x54, 0xf8, 0xc7, 0xe3, 0x06,
  0x63, 0x80, 0x35, 0xed, 0x40, 0x93, 0xed, 0xf6, 0xa7, 0xaf, 0xeb, 0xb5,
  0x3f, 0x6f, 0x6f, 0xd8, 0xe6, 0xd6, 0xde, 0x24, 0x97, 0xe2, 0xc6, 0x8a,
  0x4a, 0xa2, 0x83, 0xb6, 0x57, 0x6e, 0x83, 0xfd, 0x94, 0x34, 0x01, 0xfc,
  0xbe, 0xfe, 0xd8, 0x3f, 0xb2, 0x5e, 0xbd, 0xfb, 0x20, 0xf8, 0xe7, 0x46,
  0xf0, 0x3f, 0x88, 0x3c, 0x41, 0x6d, 0xe2, 0x19, 0xb5, 0x9d, 0x38, 0x6a,
  0x29, 0x35, 0xac, 0x4f, 0x0a, 0xa2, 0x19, 0xa4, 0x87, 0x61, 0x0e, 0x49,
  0xce, 0x63, 0x27, 0x23, 0xd6, 0xbf, 0x7b, 0x3f, 0xe0, 0x8e, 0x3f, 0xf2,
  0x68, 0xb3, 0xff, 0x00, 0xd8, 0xc9, 0xa8, 0xff, 0x00, 0xe8, 0xab, 0x7a,
  0xfc, 0xa6, 0xff, 0x00, 0x82, 0xae, 0xfc, 0x6b, 0xf8, 0x57, 0xf1, 0xc7,
  0xe3, 0x3f, 0x84, 0xbc, 0x43, 0xf0, 0x9f, 0xc4, 0x76, 0xfe, 0x25, 0xd3,
  0xac, 0x34, 0x05, 0xb5, 0x9e, 0x6b, 0x60, 0xfb, 0x63, 0x9c, 0x5d, 0xce,
  0xfb, 0x0e, 0xf5, 0x53, 0x9d, 0xac, 0x0f, 0x1e, 0xb5, 0xfa, 0xb3, 0xff,
  0x00, 0x04, 0x71, 0xff, 0x00, 0x93, 0x45, 0x9f, 0xfe, 0xc6, 0x4d, 0x47,
  0xff, 0x00, 0x45, 0x5b, 0xd0, 0x07, 0xe3, 0xaf, 0xfc, 0x15, 0x6f, 0xfe,
  0x4f, 0x77, 0xc6, 0x9f, 0xf5, 0xeb, 0xa4, 0x7f, 0xe9, 0xbe, 0x0a, 0xd6,
  0xf8, 0x35, 0xff, 0x00, 0x04, 0xb3, 0xf8, 0xf7, 0xf1, 0xc7, 0xe1, 0x67,
  0x87, 0xfe, 0x2c, 0xf8, 0x47, 0x5d, 0xf0, 0xfc, 0x1a, 0x5f, 0x88, 0xe0,
  0x79, 0xe0, 0x86, 0xee, 0xe2, 0xe6, 0x39, 0xd1, 0x52, 0x46, 0x88, 0x87,
  0x09, 0x6e, 0xeb, 0x9c, 0xa1, 0xe8, 0xc7, 0x8a, 0xc9, 0xff, 0x00, 0x82,
  0xad, 0xff, 0x00, 0xc9, 0xee, 0xf8, 0xd3, 0xfe, 0xbd, 0x74, 0x8f, 0xfd,
  0x37, 0xc1, 0x5f, 0xa6, 0x7f, 0xb1, 0xc7, 0xfc, 0x14, 0x37, 0xf6, 0x52,
  0xf8, 0x3d, 0xfb, 0x30, 0xf8, 0x07, 0xe1, 0xd7, 0x8e, 0xfc, 0x57, 0x3d,
  0x9e, 0xbf, 0xa2, 0x59, 0xcb, 0x15, 0xdd, 0xbc, 0x7a, 0x75, 0xe4, 0xc2,
  0x37, 0x6b, 0x89, 0x64, 0x03, 0x7c, 0x71, 0x14, 0x3f, 0x2b, 0x03, 0xc1,
  0x34, 0x01, 0xf0, 0xec, 0xdf, 0xf0, 0x46, 0x6f, 0xda, 0xbd, 0x3f, 0xd4,
  0xea, 0xbe, 0x17, 0x93, 0xfe, 0xdf, 0xee, 0x47, 0xf3, 0xb4, 0xaf, 0x0e,
  0xf8, 0xf3, 0xff, 0x00, 0x04, 0xdf, 0xfd, 0xa2, 0x7f, 0x67, 0x6f, 0x86,
  0xfa, 0x87, 0xc5, 0x4f, 0x1e, 0xbe, 0x8d, 0x36, 0x87, 0xa6, 0x49, 0x04,
  0x73, 0x1b, 0x1b, 0xc9, 0x26, 0x94, 0x1b, 0x99, 0x56, 0x24, 0x21, 0x1e,
  0x18, 0xf2, 0x37, 0xb0, 0x07, 0x9e, 0x2b, 0xf7, 0x76, 0x4f, 0xf8, 0x2b,
  0x2f, 0xec, 0x53, 0x1f, 0xdd, 0xf1, 0x46, 0xa1, 0x27, 0xfb, 0xba, 0x4d,
  0xe7, 0xf5, 0x8c, 0x57, 0xcb, 0x3f, 0xb6, 0x2f, 0xfc, 0x14, 0x57, 0xf6,
  0x4c, 0xf8, 0xe7, 0xfb, 0x37, 0xf8, 0xe3, 0xe1, 0x67, 0x86, 0x35, 0x6d,
  0x4a, 0xe3, 0x58, 0xd6, 0x6d, 0x23, 0xfb, 0x10, 0x93, 0x4d, 0x96, 0x38,
  0xcd, 0xc4, 0x13, 0x47, 0x3c, 0x61, 0x9d, 0xb1, 0xb4, 0x12, 0x98, 0xcf,
  0x6c, 0xd0, 0x07, 0xc9, 0xff, 0x00, 0xf0, 0x45, 0xcd, 0x7d, 0x74, 0xef,
  0xda, 0x63, 0xc4, 0x9a, 0x13, 0x9c, 0x0d, 0x5f, 0xc3, 0x57, 0x1b, 0x47,
  0xab, 0xc1, 0x75, 0x6e, 0xff, 0x00, 0x9e, 0xd2, 0xd5, 0x85, 0xff, 0x00,
  0x05, 0x7d, 0xf8, 0x24, 0x9f, 0x0e, 0xbf, 0x68, 0xcb, 0x7f, 0x89, 0x5a,
  0x55, 0xbf, 0x95, 0xa5, 0x7c, 0x45, 0xb4, 0x17, 0x4e, 0x54, 0x61, 0x46,
  0xa1, 0x69, 0xb6, 0x1b, 0x91, 0xe9, 0x96, 0x5f, 0x2a, 0x43, 0xea, 0xcc,
  0xc6, 0xbc, 0x5f, 0xfe, 0x09, 0x8b, 0xe2, 0xe5, 0xf0, 0x8f, 0xed, 0xa7,
  0xe0, 0x16, 0x95, 0xf6, 0x43, 0xac, 0x35, 0xe6, 0x98, 0xf9, 0x38, 0x04,
  0xdd, 0x5a, 0xc8, 0x23, 0x1f, 0x8c, 0x81, 0x31, 0xef, 0x5f, 0xb8, 0xff,
  0x00, 0xf0, 0x56, 0x7f, 0x84, 0x8b, 0xf1, 0x1b, 0xf6, 0x51, 0xd4, 0x3c,
  0x53, 0x69, 0x0f, 0x99, 0xa9, 0x78, 0x0a, 0xf2, 0x0d, 0x5a, 0x32, 0x07,
  0xcd, 0xf6, 0x66, 0x3f, 0x67, 0xb9, 0x5f, 0xf7, 0x76, 0x48, 0x24, 0x3f,
  0xf5, 0xcc, 0x50, 0x07, 0xf2, 0xc1, 0xa1, 0xf8, 0x7b, 0xc5, 0xda, 0x9c,
  0x37, 0x1a, 0xbf, 0x86, 0xb4, 0xcb, 0xeb, 0xb8, 0xb4, 0xe2, 0x9e, 0x7d,
  0xc5, 0xa4, 0x32, 0xc8, 0xb0, 0x17, 0xc9, 0x5d, 0xef, 0x18, 0x21, 0x33,
  0xb4, 0xe3, 0x24, 0x67, 0x07, 0x1d, 0x2b, 0xd8, 0xfc, 0x13, 0xfb, 0x57,
  0x7e, 0xd3, 0x3f, 0x0d, 0x24, 0x54, 0xf0, 0x87, 0xc4, 0xad, 0x7f, 0x4f,
  0x48, 0x88, 0x02, 0x07, 0xbd, 0x96, 0x78, 0x06, 0x3b, 0x18, 0x27, 0x2f,
  0x1f, 0xe1, 0xb6, 0xba, 0x9f, 0xd9, 0x3f, 0xf6, 0xbd, 0xf8, 0x85, 0xfb,
  0x22, 0x78, 0x8b, 0xc4, 0x1e, 0x21, 0xf0, 0x25, 0x85, 0x96, 0xaa, 0x7c,
  0x43, 0x62, 0xb6, 0x73, 0x5b, 0x6a, 0x1e, 0x69, 0x80, 0x34, 0x72, 0x07,
  0x8e, 0x6d, 0xb1, 0x3a, 0x12, 0xc9, 0xf3, 0x28, 0xc9, 0xc6, 0x1c, 0xd6,
  0x87, 0xc7, 0x3f, 0xdb, 0x73, 0xe3, 0x27, 0xed, 0x03, 0x0c, 0xf6, 0xbe,
  0x35, 0xb1, 0xf0, 0xed, 0xb4, 0x17, 0x19, 0xdc, 0x2c, 0xf4, 0x3b, 0x35,
  0x98, 0x03, 0xfd, 0xdb, 0x99, 0x92, 0x5b, 0x95, 0x3e, 0xeb, 0x28, 0x3e,
  0xf4, 0x01, 0xf5, 0x07, 0xc3, 0xff, 0x00, 0xf8, 0x2c, 0x4f, 0xed, 0x53,
  0xe1, 0x63, 0x1c, 0x3e, 0x2f, 0x83, 0x46, 0xf1, 0x95, 0xba, 0xe0, 0x31,
  0xba, 0xb4, 0x36, 0xb7, 0x04, 0x0f, 0x49, 0x2d, 0x5a, 0x34, 0x07, 0xeb,
  0x19, 0xaf, 0xb8, 0xfe, 0x1f, 0x7f, 0xc1, 0x6d, 0x3e, 0x16, 0x6a, 0x7e,
  0x54, 0x1f, 0x13, 0x7c, 0x01, 0xaa, 0xe8, 0x32, 0x1c, 0x07, 0x9b, 0x4d,
  0x9e, 0x1d, 0x42, 0x20, 0x7d, 0x76, 0xc9, 0xf6, 0x77, 0x03, 0xe9, 0xb8,
  0xd7, 0xf3, 0xa9, 0xa2, 0xf8, 0x7f, 0x5e, 0xf1, 0x25, 0xea, 0xe9, 0xbe,
  0x1d, 0xd3, 0x6e, 0x75, 0x5b, 0xb7, 0xfb, 0xb0, 0xda, 0xc2, 0xf3, 0xc8,
  0x7e, 0x89, 0x18, 0x24, 0xfe, 0x55, 0xf5, 0xff, 0x00, 0xc3, 0xef, 0xf8,
  0x27, 0x77, 0xed, 0x8b, 0xf1, 0x1c, 0xc7, 0x26, 0x95, 0xf0, 0xe2, 0xfb,
  0x4b, 0xb6, 0x90, 0x03, 0xe7, 0xea, 0xed, 0x1e, 0x9a, 0xa0, 0x1e, 0xfb,
  0x6e, 0x59, 0x24, 0x3f, 0xf0, 0x14, 0x34, 0x01, 0xfd, 0x55, 0xfc, 0x03,
  0xfd, 0xa6, 0x7e, 0x0d, 0x7e, 0xd3, 0x1a, 0x05, 0xdf, 0x88, 0x3e, 0x10,
  0xeb, 0xa3, 0x55, 0x4d, 0x39, 0xd6, 0x3b, 0xcb, 0x79, 0x22, 0x7b, 0x7b,
  0x9b, 0x66, 0x90, 0x12, 0x9e, 0x64, 0x52, 0x00, 0xc0, 0x36, 0x0e, 0xd6,
  0x19, 0x53, 0x83, 0x82, 0x70, 0x6b, 0xde, 0xeb, 0xf2, 0xef, 0xfe, 0x09,
  0xc9, 0xfb, 0x0a, 0x78, 0xc3, 0xf6, 0x4a, 0x8b, 0xc4, 0xfe, 0x29, 0xf8,
  0x8d, 0xac, 0xda, 0x5e, 0xf8, 0x83, 0xc4, 0xf1, 0x5b, 0xdb, 0x0b, 0x4d,
  0x3d, 0x9e, 0x4b, 0x6b, 0x68, 0x20, 0x66, 0x7c, 0xbc, 0x8e, 0xa9, 0xbe,
  0x46, 0x66, 0x1d, 0x17, 0x0a, 0x07, 0x04, 0xee, 0x38, 0xfd, 0x44, 0xa0,
  0x0f, 0xff, 0xd2, 0xfa, 0x07, 0xfe, 0x0a, 0x39, 0xff, 0x00, 0x04, 0xf0,
  0xbe, 0xfd, 0xa1, 0x67, 0xff, 0x00, 0x85, 0xcd, 0xf0, 0x6d, 0x22, 0x8f,
  0xc7, 0x96, 0xb0, 0x2c, 0x57, 0xd6, 0x12, 0x30, 0x89, 0x35, 0x68, 0x62,
  0x18, 0x8d, 0x95, 0xdb, 0x0a, 0xb7, 0x11, 0xaf, 0xca, 0x0b, 0x61, 0x5d,
  0x40, 0x52, 0x41, 0x51, 0x9f, 0xe7, 0x53, 0x53, 0xd1, 0x3e, 0x36, 0x7c,
  0x09, 0xf1, 0x05, 0xce, 0x9b, 0xa9, 0x5b, 0x6b, 0xbe, 0x04, 0xd6, 0x17,
  0x31, 0xca, 0xbf, 0xe9, 0x3a, 0x7c, 0xac, 0x14, 0xff, 0x00, 0x79, 0x76,
  0x6e, 0x5f, 0x42, 0x09, 0x07, 0xb5, 0x7f, 0x74, 0xd5, 0x56, 0xea, 0xca,
  0xca, 0xfa, 0x3f, 0x2a, 0xfa, 0xde, 0x3b, 0x84, 0x1c, 0xed, 0x91, 0x03,
  0x8c, 0xfd, 0x08, 0x34, 0x01, 0xfc, 0x2e, 0xc9, 0xf1, 0x67, 0xe3, 0x4d,
  0xdf, 0xfa, 0xdf, 0x19, 0xf8, 0x82, 0x6c, 0xfa, 0xea, 0x37, 0x6d, 0xff,
  0x00, 0xb5, 0x2a, 0xa9, 0xf1, 0x9f, 0xc5, 0xbb, 0xd3, 0x83, 0xae, 0xeb,
  0x93, 0x93, 0xff, 0x00, 0x4f, 0x57, 0x2d, 0xff, 0x00, 0xb3, 0x57, 0xf7,
  0x49, 0x1e, 0x8d, 0xa3, 0xc3, 0xfe, 0xa6, 0xc6, 0x04, 0xff, 0x00, 0x76,
  0x25, 0x1f, 0xc8, 0x55, 0xe5, 0x86, 0x14, 0x18, 0x44, 0x55, 0x1e, 0xc0,
  0x0a, 0x00, 0xfe, 0x13, 0xc3, 0x7c, 0x5e, 0xbf, 0xe8, 0x75, 0xdb, 0x8c,
  0xff, 0x00, 0xd7, 0xd3, 0xd3, 0xc7, 0x83, 0xfe, 0x31, 0x5f, 0x74, 0xd1,
  0x35, 0xeb, 0x8c, 0xff, 0x00, 0xd3, 0xb5, 0xd3, 0xff, 0x00, 0xec, 0xa6,
  0xbf, 0xbb, 0x1c, 0x01, 0xd2, 0x8a, 0x00, 0xfe, 0x14, 0xd3, 0xe1, 0x17,
  0xc6, 0x9b, 0xa3, 0x98, 0xfc, 0x15, 0xe2, 0x09, 0x73, 0xe9, 0xa6, 0xdd,
  0xb7, 0xfe, 0xd3, 0xab, 0xb1, 0xfc, 0x03, 0xf8, 0xf1, 0x72, 0x7f, 0x75,
  0xf0, 0xe7, 0xc4, 0x92, 0xe7, 0xd3, 0x48, 0xbc, 0x3f, 0xfb, 0x4a, 0xbf,
  0xb9, 0xfa, 0x28, 0x03, 0xf8, 0x73, 0x87, 0xf6, 0x64, 0xfd, 0xa3, 0xee,
  0x3f, 0xd4, 0x7c, 0x2c, 0xf1, 0x4b, 0xe7, 0xd3, 0x45, 0xbd, 0x3f, 0xfb,
  0x4a, 0xb5, 0x22, 0xfd, 0x92, 0xbf, 0x6a, 0x49, 0xff, 0x00, 0xd5, 0xfc,
  0x23, 0xf1, 0x59, 0xfa, 0xe8, 0xb7, 0x83, 0xf9, 0xc5, 0x5f, 0xdb, 0xc5,
  0x14, 0x01, 0xfc, 0x4e, 0x43, 0xfb, 0x18, 0x7e, 0xd6, 0x77, 0x18, 0xf2,
  0xfe, 0x11, 0x78, 0x9f, 0x9f, 0x5d, 0x2e, 0xe1, 0x7f, 0x9a, 0x0a, 0xd3,
  0x8b, 0xf6, 0x1a, 0xfd, 0xaf, 0xe6, 0xc6, 0xcf, 0x84, 0x7e, 0x21, 0x1f,
  0xef, 0x59, 0x3a, 0xff, 0x00, 0xe8, 0x58, 0xaf, 0xed, 0x42, 0x8a, 0x00,
  0xfe, 0x0a, 0x3c, 0x61, 0xe0, 0xff, 0x00, 0x13, 0xf8, 0x03, 0xc4, 0xba,
  0x87, 0x83, 0xbc, 0x67, 0xa6, 0xcd, 0xa4, 0x6b, 0x7a, 0x54, 0x9e, 0x55,
  0xd5, 0xa4, 0xe3, 0x6c, 0xb0, 0xbe, 0x03, 0x6d, 0x61, 0xeb, 0x82, 0x0d,
  0x7f, 0x6a, 0x7f, 0xb2, 0x57, 0xfc, 0x9a, 0xdf, 0xc2, 0x2f, 0xfb, 0x14,
  0xf4, 0x4f, 0xfd, 0x22, 0x8a, 0xbf, 0x94, 0xff, 0x00, 0xf8, 0x28, 0x2f,
  0xfc, 0x9e, 0x6f, 0xc5, 0x7f, 0xfb, 0x0b, 0x7f, 0xed, 0x18, 0xeb, 0xfa,
  0xb0, 0xfd, 0x92, 0xbf, 0xe4, 0xd6, 0xfe, 0x11, 0x7f, 0xd8, 0xa7, 0xa2,
  0x7f, 0xe9, 0x14, 0x54, 0x01, 0xfc, 0x67, 0x7c, 0x5c, 0x46, 0x93, 0xe2,
  0xe7, 0x8d, 0x11, 0x06, 0x59, 0xb5, 0xcd, 0x44, 0x0f, 0xa9, 0xba, 0x92,
  0xbe, 0xb8, 0xb6, 0xff, 0x00, 0x82, 0x5e, 0xfe, 0xdb, 0xd7, 0x2a, 0xae,
  0x3e, 0x1d, 0xf9, 0x61, 0x80, 0x23, 0x7e, 0xa9, 0xa7, 0x0e, 0x0f, 0xd2,
  0xe4, 0xd7, 0xc9, 0xbf, 0x14, 0xff, 0x00, 0xe4, 0xb2, 0xf8, 0xbf, 0xfe,
  0xc3, 0xfa, 0x87, 0xfe, 0x95, 0x3d, 0x7f, 0x74, 0xf6, 0x7f, 0xf1, 0xe9,
  0x07, 0xfb, 0x8b, 0xfc, 0xa8, 0x03, 0xf8, 0x79, 0xf8, 0xe9, 0xfb, 0x3b,
  0x7c, 0x59, 0xfd, 0x9b, 0xfc, 0x43, 0xa7, 0xf8, 0x57, 0xe2, 0xf6, 0x90,
  0x9a, 0x3e, 0xa7, 0xa9, 0xda, 0x0b, 0xd8, 0x22, 0x4b, 0x98, 0x6e, 0x77,
  0x40, 0x64, 0x68, 0xf7, 0x16, 0x81, 0xdd, 0x47, 0xcc, 0x8c, 0x30, 0x4e,
  0x6b, 0xfa, 0x35, 0xff, 0x00, 0x82, 0x38, 0xff, 0x00, 0xc9, 0xa2, 0xcf,
  0xff, 0x00, 0x63, 0x26, 0xa3, 0xff, 0x00, 0xa2, 0xad, 0xeb, 0xf3, 0xe3,
  0xfe, 0x0b, 0x67, 0xff, 0x00, 0x27, 0x01, 0xe0, 0x6f, 0xfb, 0x16, 0x17,
  0xff, 0x00, 0x4b, 0x6e, 0x6b, 0xf4, 0x1f, 0xfe, 0x08, 0xe3, 0xff, 0x00,
  0x26, 0x8b, 0x3f, 0xfd, 0x8c, 0x9a, 0x8f, 0xfe, 0x8a, 0xb7, 0xa0, 0x0f,
  0xc7, 0x5f, 0xf8, 0x2a, 0xdf, 0xfc, 0x9e, 0xef, 0x8d, 0x3f, 0xeb, 0xd7,
  0x48, 0xff, 0x00, 0xd3, 0x7c, 0x15, 0x47, 0xe1, 0x07, 0xfc, 0x13, 0x2b,
  0xf6, 0x97, 0xf8, 0xdb, 0xf0, 0xef, 0x44, 0xf8, 0xa1, 0xe0, 0xdf, 0xec,
  0x54, 0xd1, 0x3c, 0x41, 0x13, 0x4d, 0x6a, 0x6e, 0xaf, 0x9a, 0x29, 0x76,
  0x2c, 0x8d, 0x19, 0xdc, 0x8b, 0x13, 0x60, 0xee, 0x53, 0xde, 0xaf, 0x7f,
  0xc1, 0x56, 0xff, 0x00, 0xe4, 0xf7, 0x7c, 0x69, 0xff, 0x00, 0x5e, 0xba,
  0x47, 0xfe, 0x9b, 0xe0, 0xaf, 0xe8, 0x37, 0xfe, 0x09, 0xd1, 0xff, 0x00,
  0x26, 0x55, 0xf0, 0xaf, 0xfe, 0xc1, 0xf3, 0xff, 0x00, 0xe9, 0x5c, 0xf4,
  0x01, 0xf8, 0x7b, 0x0f, 0xfc, 0x11, 0xab, 0xf6, 0xb5, 0x93, 0xfd, 0x66,
  0xa1, 0xe1, 0x78, 0xbf, 0xde, 0xd4, 0x2e, 0x0f, 0xfe, 0x83, 0x68, 0x6b,
  0x5a, 0x1f, 0xf8, 0x22, 0xe7, 0xed, 0x44, 0xff, 0x00, 0xeb, 0xbc, 0x45,
  0xe1, 0x58, 0xfe, 0x97, 0x77, 0x8d, 0xff, 0x00, 0xb6, 0x82, 0xbf, 0xa8,
  0x2a, 0x28, 0x03, 0xf8, 0x5b, 0xf8, 0x79, 0xaf, 0x6a, 0x9f, 0x05, 0xfe,
  0x37, 0x78, 0x7b, 0xc4, 0x37, 0xa0, 0xdb, 0xdf, 0x78, 0x2f, 0x5f, 0xb6,
  0x9a, 0x75, 0x1d, 0x55, 0xec, 0x2e, 0x54, 0xca, 0xbf, 0xf8, 0xe1, 0x06,
  0xbf, 0xb6, 0xff, 0x00, 0x1b, 0xf8, 0x63, 0x47, 0xf8, 0x9b, 0xf0, 0xf3,
  0x5c, 0xf0, 0x7d, 0xf1, 0x59, 0xb4, 0xcf, 0x14, 0x69, 0x97, 0x16, 0x4e,
  0xdd, 0x54, 0xc5, 0x79, 0x0b, 0x26, 0xe1, 0xf8, 0x36, 0x45, 0x7f, 0x20,
  0x5f, 0xf0, 0x50, 0x4f, 0x00, 0x0f, 0x87, 0x1f, 0xb6, 0x17, 0xc4, 0xbd,
  0x12, 0x28, 0xbc, 0x9b, 0x6b, 0xed, 0x44, 0xea, 0x90, 0x00, 0x30, 0xa5,
  0x35, 0x34, 0x5b, 0xb3, 0x8f, 0x60, 0xf2, 0x32, 0xfe, 0x15, 0xfd, 0x4a,
  0x7e, 0xc5, 0xde, 0x3f, 0xff, 0x00, 0x85, 0x9b, 0xfb, 0x2b, 0x7c, 0x31,
  0xf1, 0x73, 0xca, 0x26, 0x9e, 0x5d, 0x16, 0xda, 0xd6, 0xe1, 0xb3, 0x92,
  0x6e, 0x2c, 0x47, 0xd9, 0x66, 0x27, 0xdc, 0xbc, 0x44, 0xd0, 0x07, 0xf1,
  0x9b, 0x2e, 0x8d, 0x0f, 0x85, 0x3c, 0x74, 0xfe, 0x1e, 0xf1, 0xa5, 0xbc,
  0x86, 0x2d, 0x1f, 0x52, 0x36, 0xba, 0x8c, 0x31, 0xb6, 0xc9, 0x36, 0xdb,
  0xcd, 0xb2, 0x74, 0x56, 0xc1, 0xda, 0xd8, 0x56, 0x00, 0xe3, 0x83, 0x5f,
  0xd6, 0xef, 0xc3, 0x5f, 0xf8, 0x27, 0x5f, 0xec, 0x51, 0xe1, 0x8b, 0x1b,
  0x2d, 0x6b, 0x44, 0xf8, 0x7f, 0x6b, 0xae, 0xad, 0xcc, 0x71, 0xcf, 0x15,
  0xc6, 0xa9, 0x34, 0xda, 0x80, 0x74, 0x75, 0x0c, 0xad, 0xe5, 0xcc, 0xed,
  0x17, 0x20, 0x83, 0xc2, 0x0a, 0xfe, 0x7a, 0xff, 0x00, 0xe0, 0xa5, 0xff,
  0x00, 0x0c, 0xff, 0x00, 0xe1, 0x59, 0xfe, 0xd8, 0xbe, 0x37, 0x86, 0x08,
  0xbc, 0xbb, 0x2f, 0x12, 0xbc, 0x5a, 0xe5, 0xbe, 0x06, 0x01, 0x17, 0xe9,
  0xba, 0x62, 0x3f, 0xed, 0xe0, 0x4a, 0x3f, 0x0a, 0xfe, 0x8d, 0x7f, 0xe0,
  0x9e, 0xbf, 0x13, 0x3f, 0xe1, 0x6a, 0x7e, 0xc8, 0x5f, 0x0f, 0x35, 0xa9,
  0xa6, 0x33, 0x5e, 0xe9, 0x56, 0x5f, 0xd8, 0xf7, 0x44, 0x9c, 0xb0, 0x93,
  0x4d, 0x63, 0x6e, 0xbb, 0xbd, 0xda, 0x35, 0x46, 0xff, 0x00, 0x81, 0x50,
  0x07, 0xd5, 0xfe, 0x1a, 0xf0, 0x77, 0x84, 0x7c, 0x19, 0x64, 0x34, 0xdf,
  0x08, 0x68, 0x96, 0x3a, 0x1d, 0xa2, 0x80, 0x04, 0x36, 0x36, 0xd1, 0x5b,
  0x46, 0x00, 0xe9, 0xf2, 0xc4, 0xaa, 0x3f, 0x4a, 0xe8, 0xe8, 0xa2, 0x80,
  0x0a, 0x28, 0xa2, 0x80, 0x3f, 0xff, 0xd3, 0xfd, 0xfc, 0xa2, 0x8a, 0x28,
  0x00, 0xa2, 0x8a, 0x28, 0x00, 0xa2, 0x8a, 0x28, 0x00, 0xa2, 0x8a, 0x28,
  0x00, 0xa2, 0x8a, 0xf0, 0xdf, 0x8f, 0xdf, 0xb4, 0x57, 0xc2, 0xbf, 0xd9,
  0xab, 0xc1, 0x12, 0x78, 0xe7, 0xe2, 0x96, 0xaa, 0x2c, 0xad, 0xd8, 0x98,
  0xed, 0x6d, 0x63, 0x02, 0x4b, 0xbb, 0xd9, 0x80, 0xcf, 0x95, 0x6f, 0x16,
  0x41, 0x66, 0xf5, 0x24, 0x85, 0x51, 0xcb, 0x30, 0x1c, 0xd0, 0x07, 0xb9,
  0x57, 0x93, 0x7c, 0x42, 0xf8, 0xf3, 0xf0, 0x5b, 0xe1, 0x3a, 0x9f, 0xf8,
  0x59, 0x3e, 0x38, 0xd1, 0xfc, 0x39, 0x20, 0x19, 0xf2, 0xaf, 0x2f, 0x62,
  0x8e, 0x72, 0x0f, 0xf7, 0x61, 0x2d, 0xe6, 0x37, 0xe0, 0xa6, 0xbf, 0x99,
  0x6f, 0xda, 0x5f, 0xfe, 0x0a, 0x9b, 0xfb, 0x40, 0x7c, 0x6c, 0xba, 0xbb,
  0xd1, 0x3c, 0x01, 0x77, 0x27, 0xc3, 0xaf, 0x09, 0xb9, 0x64, 0x48, 0x34,
  0xe9, 0x48, 0xd4, 0x26, 0x8c, 0xe4, 0x66, 0x7b, 0xc1, 0x87, 0x04, 0x8e,
  0xab, 0x16, 0xc5, 0x1d, 0x0e, 0xee, 0xb5, 0xf9, 0x9d, 0x77, 0x79, 0x77,
  0xa8, 0x5d, 0x49, 0x7b, 0x7f, 0x3b, 0xdc, 0xdc, 0x4c, 0xc5, 0xa4, 0x92,
  0x56, 0x2e, 0xee, 0xc7, 0xa9, 0x66, 0x6e, 0x49, 0xf7, 0x34, 0x01, 0xf4,
  0xb7, 0xed, 0xa1, 0xe3, 0x5f, 0x0b, 0x7c, 0x46, 0xfd, 0xa9, 0x3e, 0x22,
  0xf8, 0xdb, 0xc1, 0x3a, 0x8c, 0x7a, 0xb6, 0x87, 0xab, 0x6a, 0x5e, 0x6d,
  0xa5, 0xd4, 0x41, 0x82, 0x4b, 0x1f, 0x94, 0x8b, 0xb9, 0x77, 0x00, 0x71,
  0x90, 0x47, 0x22, 0xbf, 0xad, 0x9f, 0xd9, 0x2b, 0xfe, 0x4d, 0x6f, 0xe1,
  0x17, 0xfd, 0x8a, 0x7a, 0x27, 0xfe, 0x91, 0x45, 0x5f, 0xc8, 0x7f, 0xc5,
  0x3f, 0xd9, 0x63, 0xe3, 0x37, 0xc1, 0xef, 0x01, 0x78, 0x67, 0xe2, 0x87,
  0x8c, 0x34, 0x98, 0x5b, 0xc2, 0xde, 0x2d, 0x40, 0xf6, 0x3a, 0x85, 0x8d,
  0xd4, 0x37, 0xd6, 0xe7, 0x7a, 0x87, 0x45, 0x92, 0x48, 0x19, 0xd5, 0x19,
  0xd4, 0xe5, 0x41, 0x3c, 0xe1, 0x87, 0x55, 0x20, 0x7d, 0x05, 0xf0, 0xbb,
  0xfe, 0x0a, 0x6b, 0xfb, 0x4d, 0xfc, 0x25, 0xf8, 0x39, 0x0f, 0xc1, 0x9f,
  0x0c, 0xdd, 0x69, 0xd3, 0x58, 0xd8, 0x40, 0xd6, 0xba, 0x7e, 0xa1, 0x73,
  0x6c, 0xd2, 0x5f, 0xd8, 0xc0, 0x73, 0x84, 0x89, 0xc4, 0x8b, 0x1b, 0x6c,
  0xce, 0x23, 0x32, 0x46, 0xe5, 0x46, 0x07, 0x20, 0x00, 0x00, 0x3e, 0x3e,
  0xf8, 0xb3, 0x27, 0x95, 0xf1, 0x7f, 0xc6, 0x52, 0x81, 0x9d, 0x9a, 0xee,
  0xa2, 0xdf, 0x5c, 0x5d, 0x48, 0x6b, 0xf5, 0xef, 0x56, 0xff, 0x00, 0x82,
  0xdd, 0xfc, 0x46, 0x31, 0x08, 0x7c, 0x37, 0xf0, 0xc7, 0x49, 0xb4, 0xd8,
  0x02, 0xa9, 0xbb, 0xbe, 0x9e, 0xe7, 0xa0, 0xee, 0x23, 0x58, 0x7f, 0x9d,
  0x7e, 0x6e, 0xfe, 0xca, 0x9f, 0xb3, 0x67, 0x8d, 0x3f, 0x6b, 0x5f, 0x8c,
  0x96, 0x7e, 0x08, 0xd2, 0xda, 0x78, 0xac, 0x1d, 0xcd, 0xd6, 0xb7, 0xaa,
  0xec, 0x32, 0x0b, 0x3b, 0x5c, 0xe5, 0xe5, 0x62, 0xdc, 0x19, 0x24, 0x3f,
  0x2c, 0x6a, 0x4e, 0x59, 0xcf, 0xa0, 0x62, 0x3f, 0x73, 0xf4, 0x0f, 0xf8,
  0x22, 0xbf, 0xec, 0xe3, 0x60, 0x55, 0xf5, 0xff, 0x00, 0x15, 0xf8, 0x97,
  0x55, 0x61, 0xd4, 0x24, 0xd6, 0xb6, 0xc8, 0x7f, 0x01, 0x6e, 0xcd, 0xff,
  0x00, 0x8f, 0x50, 0x07, 0xe1, 0x4f, 0xed, 0x4b, 0xfb, 0x55, 0x78, 0xff,
  0x00, 0xf6, 0xb5, 0xf1, 0xa6, 0x9b, 0xe3, 0x7f, 0x88, 0x36, 0x1a, 0x76,
  0x9d, 0x75, 0xa4, 0xd8, 0x8d, 0x3e, 0x08, 0xb4, 0xd8, 0xe5, 0x8e, 0x3f,
  0x24, 0x4a, 0xf2, 0xe5, 0xbc, 0xd9, 0x24, 0x62, 0xdb, 0xa4, 0x3c, 0xe7,
  0xa6, 0x38, 0xaf, 0xe8, 0x1f, 0xfe, 0x08, 0xe3, 0xff, 0x00, 0x26, 0x8b,
  0x3f, 0xfd, 0x8c, 0x9a, 0x8f, 0xfe, 0x8a, 0xb7, 0xaf, 0x87, 0xff, 0x00,
  0xe0, 0xa0, 0x3f, 0xf0, 0x4d, 0x0f, 0x07, 0xfc, 0x16, 0xf8, 0x51, 0xa7,
  0xfc, 0x4e, 0xfd, 0x9e, 0xec, 0x35, 0x0b, 0xbb, 0x7d, 0x0e, 0x59, 0x06,
  0xbf, 0x15, 0xc4, 0xed, 0x77, 0x37, 0xd9, 0x64, 0x0b, 0xe5, 0xdc, 0xa8,
  0xda, 0x30, 0xb0, 0xb0, 0x22, 0x4d, 0xa3, 0xee, 0xb8, 0x63, 0xc2, 0x93,
  0x5f, 0x07, 0xfe, 0xcb, 0xdf, 0xb7, 0x87, 0xc7, 0x1f, 0xd9, 0x3b, 0x47,
  0xd5, 0xbc, 0x35, 0xf0, 0xfc, 0xd8, 0x6a, 0x5a, 0x26, 0xad, 0x29, 0xb9,
  0x6b, 0x2d, 0x52, 0x17, 0x9a, 0x28, 0x6e, 0x4a, 0x84, 0x33, 0x44, 0x62,
  0x92, 0x27, 0x56, 0x65, 0x55, 0x0c, 0x37, 0x15, 0x3b, 0x47, 0x19, 0xe6,
  0x80, 0x3d, 0x1f, 0xfe, 0x0a, 0xb7, 0xff, 0x00, 0x27, 0xbb, 0xe3, 0x5f,
  0xfa, 0xf5, 0xd2, 0x3f, 0xf4, 0xdf, 0x05, 0x79, 0xc7, 0xc1, 0x0f, 0xf8,
  0x28, 0x0f, 0xed, 0x43, 0xf0, 0x07, 0x49, 0xd3, 0xbc, 0x2f, 0xe0, 0xbf,
  0x14, 0x25, 0xd7, 0x87, 0x34, 0xb5, 0x29, 0x06, 0x95, 0xa8, 0x5b, 0x45,
  0x73, 0x6a, 0x88, 0x58, 0xb9, 0x55, 0x38, 0x59, 0x50, 0x16, 0x24, 0xfc,
  0xb2, 0x0e, 0xb5, 0xe3, 0xda, 0x85, 0xf7, 0xc6, 0x0f, 0xda, 0xdb, 0xe3,
  0x8b, 0xde, 0x4a, 0x92, 0xf8, 0x97, 0xc7, 0x3e, 0x37, 0xbd, 0x51, 0xb6,
  0x24, 0x0a, 0xa5, 0x88, 0x08, 0xa0, 0x2a, 0xfc, 0xb1, 0xc3, 0x0c, 0x6a,
  0x06, 0x7a, 0x22, 0x2e, 0x49, 0xc0, 0x26, 0xbf, 0xa7, 0x2b, 0x8f, 0xf8,
  0x26, 0x1f, 0xec, 0xbf, 0xe2, 0x1f, 0x83, 0xfe, 0x1e, 0xf8, 0x7d, 0xe2,
  0x8f, 0x0d, 0xc5, 0x07, 0x88, 0x34, 0x8d, 0x32, 0xde, 0xd2, 0x5d, 0x7f,
  0x4c, 0xff, 0x00, 0x44, 0xbe, 0x96, 0xea, 0x38, 0xc0, 0x92, 0x77, 0x2a,
  0x36, 0x4b, 0xb9, 0xf2, 0x71, 0x2a, 0x37, 0x1c, 0x50, 0x07, 0x9c, 0x7e,
  0xc9, 0x7f, 0xf0, 0x55, 0x7f, 0x85, 0xdf, 0x1d, 0x35, 0x1b, 0x2f, 0x02,
  0x7c, 0x54, 0xb3, 0x8f, 0xc0, 0x5e, 0x2f, 0xbb, 0x2b, 0x14, 0x12, 0x34,
  0xbb, 0xf4, 0xbb, 0xd9, 0x58, 0xe0, 0x24, 0x73, 0x3e, 0x1a, 0x17, 0x63,
  0xf7, 0x52, 0x4c, 0x83, 0xd0, 0x48, 0xcc, 0x40, 0xaf, 0xd6, 0x0a, 0xfe,
  0x34, 0xbf, 0x6c, 0x9f, 0xd8, 0xb3, 0xc7, 0xff, 0x00, 0xb2, 0x0f, 0x8c,
  0x20, 0xb3, 0xd5, 0xe7, 0x1a, 0xd7, 0x85, 0x35, 0x87, 0x7f, 0xec, 0x9d,
  0x5e, 0x24, 0xd8, 0x25, 0xd9, 0xc9, 0x86, 0x64, 0xc9, 0xf2, 0xe7, 0x40,
  0x41, 0x2b, 0x92, 0xac, 0x39, 0x52, 0x79, 0x0b, 0xfa, 0x39, 0xfb, 0x11,
  0x7f, 0xc1, 0x55, 0x3c, 0x2f, 0xe0, 0x1f, 0x85, 0x37, 0x1e, 0x01, 0xfd,
  0xa6, 0x6f, 0xaf, 0xef, 0x6f, 0x7c, 0x38, 0xb1, 0xa6, 0x8f, 0x7d, 0x04,
  0x0d, 0x77, 0x71, 0x79, 0x6b, 0xd0, 0x5b, 0xca, 0x72, 0x07, 0x99, 0x0e,
  0x06, 0xd7, 0x76, 0x01, 0x90, 0x80, 0x4e, 0xe5, 0xcb, 0x00, 0x79, 0xe7,
  0xfc, 0x16, 0xbb, 0xe1, 0xf8, 0xd2, 0x3e, 0x33, 0x78, 0x23, 0xe2, 0x45,
  0xbc, 0x5b, 0x62, 0xf1, 0x26, 0x8f, 0x25, 0x94, 0xac, 0x07, 0x0d, 0x3e,
  0x9d, 0x31, 0x39, 0x3e, 0xe6, 0x39, 0xd0, 0x7d, 0x16, 0xbe, 0xd6, 0xff,
  0x00, 0x82, 0x32, 0x78, 0xff, 0x00, 0xfe, 0x12, 0x2f, 0xd9, 0xbb, 0x5d,
  0xf0, 0x2c, 0xf2, 0x6e, 0x9f, 0xc2, 0x3a, 0xe4, 0xbb, 0x17, 0x3f, 0x76,
  0xda, 0xfe, 0x35, 0x99, 0x38, 0xf7, 0x94, 0x4d, 0x5f, 0x9a, 0xbf, 0xf0,
  0x50, 0x8f, 0xdb, 0xe3, 0xe1, 0xbf, 0xed, 0x77, 0xe1, 0x9f, 0x0f, 0xf8,
  0x4b, 0xc1, 0x5e, 0x11, 0xd4, 0x34, 0xb3, 0xe1, 0xdd, 0x41, 0xee, 0xe2,
  0xd4, 0x75, 0x09, 0x62, 0x59, 0x1e, 0x39, 0x22, 0x31, 0xbc, 0x42, 0x08,
  0xbc, 0xc0, 0x03, 0x9d, 0x8d, 0x9f, 0x33, 0x8d, 0xa0, 0x63, 0x9e, 0x3e,
  0x19, 0xf8, 0x43, 0xfb, 0x47, 0x7c, 0x6a, 0xf8, 0x0b, 0x67, 0xae, 0xd9,
  0x7c, 0x22, 0xf1, 0x44, 0xfe, 0x1a, 0x4f, 0x12, 0x2c, 0x0b, 0x7c, 0xd6,
  0xe9, 0x13, 0x3c, 0x82, 0xdf, 0x7f, 0x97, 0xb5, 0xe4, 0x46, 0x28, 0x47,
  0x98, 0xdc, 0xa1, 0x07, 0x9e, 0xb4, 0x01, 0xfb, 0x25, 0xff, 0x00, 0x05,
  0xba, 0xf8, 0x67, 0xf2, 0xfc, 0x38, 0xf8, 0xc3, 0x6b, 0x17, 0x4f, 0xb5,
  0x68, 0x77, 0x6e, 0x07, 0xfd, 0xbc, 0xdb, 0x02, 0x7f, 0xef, 0xfd, 0x70,
  0x7f, 0xf0, 0x4a, 0x4f, 0xdb, 0x0f, 0xe1, 0x2f, 0xc1, 0x1f, 0x01, 0x78,
  0xd7, 0xe1, 0xdf, 0xc6, 0x7f, 0x14, 0x43, 0xe1, 0xbb, 0x36, 0xd4, 0x6d,
  0xf5, 0x1d, 0x31, 0xae, 0x12, 0x57, 0x59, 0x1a, 0xe2, 0x33, 0x15, 0xc2,
  0xaf, 0x94, 0x8f, 0x8d, 0xbe, 0x54, 0x64, 0xe7, 0x1f, 0x7a, 0xbf, 0x24,
  0xb5, 0x6f, 0x13, 0x7c, 0x6d, 0xf8, 0xed, 0xad, 0x88, 0xf5, 0x7d, 0x47,
  0x5f, 0xf1, 0xee, 0xaa, 0xed, 0xb9, 0x63, 0x92, 0x4b, 0x9d, 0x4a, 0x5c,
  0x9f, 0xee, 0xa6, 0x5c, 0x8f, 0xc0, 0x57, 0xd1, 0x9e, 0x0b, 0xff, 0x00,
  0x82, 0x6f, 0xfe, 0xd9, 0xde, 0x38, 0xb1, 0x7d, 0x4b, 0x4f, 0xf8, 0x71,
  0x75, 0xa7, 0x40, 0xa8, 0x5d, 0x7f, 0xb4, 0xe6, 0xb7, 0xd3, 0xe4, 0x7f,
  0x45, 0x58, 0xae, 0x24, 0x49, 0x32, 0x7b, 0x65, 0x40, 0xf7, 0xa0, 0x0f,
  0xeb, 0x5f, 0xe1, 0xcf, 0xc5, 0x9f, 0x86, 0x7f, 0x17, 0xb4, 0x63, 0xe2,
  0x0f, 0x86, 0x3e, 0x27, 0xd3, 0xfc, 0x4d, 0x60, 0xa4, 0x2b, 0xc9, 0x63,
  0x70, 0x93, 0x79, 0x6c, 0x7a, 0x2c, 0x8a, 0xa7, 0x72, 0x37, 0xb3, 0x00,
  0x7d, 0xab, 0xd0, 0xab, 0xf8, 0x84, 0xf8, 0x67, 0xf1, 0x2b, 0xe3, 0x1f,
  0xec, 0x83, 0xf1, 0xa0, 0x6b, 0x5a, 0x47, 0xda, 0x7c, 0x3f, 0xe2, 0x6f,
  0x0d, 0xdd, 0x9b, 0x6d, 0x4b, 0x4e, 0x9f, 0x72, 0x24, 0xcb, 0x1b, 0x62,
  0x5b, 0x5b, 0x98, 0xfa, 0x32, 0x38, 0xe3, 0xbe, 0x38, 0x74, 0x39, 0x00,
  0xd7, 0xf6, 0x89, 0xf0, 0xd7, 0xc7, 0x7a, 0x47, 0xc5, 0x0f, 0x87, 0xbe,
  0x1b, 0xf8, 0x8d, 0xa0, 0xe4, 0x69, 0xfe, 0x25, 0xd3, 0xed, 0xb5, 0x08,
  0x15, 0xb9, 0x65, 0x4b, 0x98, 0xd6, 0x40, 0xad, 0xee, 0xb9, 0xc1, 0xf7,
  0x14, 0x01, 0xdb, 0xd1, 0x45, 0x14, 0x01, 0xff, 0xd4, 0xfd, 0xfc, 0xa2,
  0x8a, 0x28, 0x00, 0xa2, 0x8a, 0x28, 0x00, 0xa2, 0x8a, 0x28, 0x00, 0xa2,
  0x8a, 0xf9, 0x07, 0xf6, 0xc0, 0xfd, 0xb1, 0x7e, 0x1e, 0x7e, 0xc9, 0x1e,
  0x05, 0x3a, 0xce, 0xbe, 0xeb, 0xa9, 0xf8, 0xa3, 0x52, 0x47, 0x1a, 0x46,
  0x8c, 0x8e, 0x04, 0xd7, 0x52, 0x0e, 0x3c, 0xc9, 0x31, 0x93, 0x1c, 0x08,
  0x7e, 0xfb, 0x91, 0xfe, 0xca, 0xe5, 0x8e, 0x28, 0x03, 0x73, 0xf6, 0xab,
  0xfd, 0xac, 0x3e, 0x1b, 0xfe, 0xc9, 0xfe, 0x00, 0x93, 0xc5, 0x9e, 0x32,
  0x98, 0x5e, 0x6a, 0xd7, 0x81, 0xd3, 0x4a, 0xd2, 0x22, 0x70, 0x2e, 0x6f,
  0xa7, 0x51, 0xd0, 0x75, 0xd9, 0x12, 0xe4, 0x79, 0x92, 0x11, 0x85, 0x1c,
  0x0c, 0xb1, 0x55, 0x3f, 0xc9, 0x5f, 0xc5, 0xef, 0x8c, 0x3f, 0x19, 0x7f,
  0x6b, 0xff, 0x00, 0x8b, 0xcb, 0xaf, 0xf8, 0x90, 0xcf, 0xae, 0xf8, 0x83,
  0x59, 0x99, 0x6d, 0x34, 0xcd, 0x32, 0xcd, 0x19, 0xe3, 0xb7, 0x47, 0x6f,
  0xdd, 0xda, 0xda, 0xc2, 0x32, 0x42, 0xe4, 0xf3, 0xd4, 0xb1, 0xcb, 0x31,
  0x24, 0x93, 0x55, 0x3c, 0x77, 0xe3, 0xcf, 0x8d, 0x5f, 0xb5, 0xef, 0xc6,
  0x55, 0xd5, 0xb5, 0x9f, 0xb4, 0xf8, 0xa7, 0xc6, 0x1e, 0x25, 0x9d, 0x6d,
  0xac, 0xac, 0xad, 0x94, 0x95, 0x8d, 0x49, 0x3e, 0x5d, 0xbd, 0xbc, 0x59,
  0x22, 0x38, 0x90, 0x67, 0xbe, 0x00, 0xcb, 0xb9, 0xce, 0xe6, 0xaf, 0xe9,
  0x6b, 0xf6, 0x0a, 0xff, 0x00, 0x82, 0x7f, 0x78, 0x63, 0xf6, 0x59, 0xd0,
  0xe2, 0xf1, 0xb7, 0x8d, 0x16, 0x1d, 0x6b, 0xe2, 0x6e, 0xa5, 0x0e, 0x27,
  0xb9, 0x00, 0x3c, 0x3a, 0x6c, 0x72, 0x0f, 0x9a, 0xda, 0xd0, 0x91, 0xd7,
  0xb4, 0x92, 0xf5, 0x6e, 0x8b, 0x84, 0xfb, 0xc0, 0x1f, 0x2c, 0x7e, 0xce,
  0x9f, 0xf0, 0x46, 0xdf, 0x02, 0xc5, 0xe0, 0xa8, 0xf5, 0x6f, 0xda, 0x4f,
  0x52, 0xbd, 0xba, 0xf1, 0x2e, 0xa0, 0xa9, 0x27, 0xf6, 0x7e, 0x95, 0x70,
  0xb0, 0x41, 0x60, 0xa4, 0x64, 0xc6, 0xf2, 0xed, 0x73, 0x34, 0x9c, 0x8d,
  0xc5, 0x70, 0x80, 0x8c, 0x2e, 0xef, 0xbc, 0x7e, 0x15, 0xff, 0x00, 0x82,
  0x8f, 0xfe, 0xc2, 0xbe, 0x19, 0xfd, 0x93, 0xaf, 0xbc, 0x35, 0xe2, 0xdf,
  0x86, 0x97, 0x77, 0x97, 0x7e, 0x12, 0xf1, 0x2b, 0x4d, 0x6a, 0xf1, 0x5e,
  0xb2, 0xcb, 0x2d, 0x9d, 0xe4, 0x2a, 0x1c, 0x28, 0x95, 0x55, 0x37, 0x24,
  0xa8, 0x58, 0xa8, 0x23, 0x70, 0x28, 0xdc, 0x91, 0x8c, 0x7f, 0x57, 0x15,
  0xf1, 0x07, 0xfc, 0x14, 0x4f, 0xe0, 0xf7, 0xfc, 0x2e, 0x6f, 0xd9, 0x33,
  0xc6, 0x9a, 0x45, 0xa4, 0x1e, 0x7e, 0xab, 0xa0, 0x42, 0x35, 0xcb, 0x00,
  0x06, 0x5b, 0xce, 0xd3, 0xf3, 0x23, 0xaa, 0xfb, 0xbc, 0x1e, 0x62, 0x0f,
  0x76, 0xa0, 0x0f, 0x83, 0x3f, 0xe0, 0x90, 0xbf, 0x10, 0x74, 0x2f, 0x8b,
  0x5f, 0x05, 0x3c, 0x6f, 0xfb, 0x33, 0x7c, 0x48, 0xb5, 0xb7, 0xd7, 0xf4,
  0xfd, 0x0e, 0x55, 0xbb, 0xb7, 0xb1, 0xbe, 0x8d, 0x67, 0x8a, 0x4d, 0x3a,
  0xfc, 0x9f, 0x36, 0x2d, 0x8f, 0x90, 0x56, 0x39, 0xd4, 0xbf, 0x4e, 0x0c,
  0xa0, 0x8e, 0xd5, 0xf5, 0x6e, 0xad, 0xff, 0x00, 0x04, 0x9c, 0xfd, 0x8b,
  0xf5, 0x4d, 0x6d, 0xb5, 0x84, 0xf0, 0xdd, 0xfd, 0x8c, 0x4e, 0xfb, 0xda,
  0xce, 0xdb, 0x53, 0xb8, 0x5b, 0x6e, 0x4e, 0x48, 0x01, 0x99, 0x9d, 0x47,
  0xb2, 0xb8, 0xc7, 0x6c, 0x57, 0xe0, 0x87, 0xfc, 0x13, 0x93, 0xe3, 0x44,
  0x3f, 0x04, 0xff, 0x00, 0x6a, 0xff, 0x00, 0x09, 0x6a, 0xda, 0xa5, 0xd2,
  0xda, 0x68, 0xbe, 0x22, 0x67, 0xd1, 0x35, 0x07, 0x76, 0xd9, 0x1a, 0xc5,
  0x7d, 0x81, 0x1b, 0xb9, 0x3c, 0x05, 0x49, 0xd6, 0x26, 0x24, 0xf4, 0x00,
  0xd7, 0xf6, 0x28, 0x0e, 0x79, 0x14, 0x01, 0xe6, 0x9f, 0x0a, 0xfe, 0x0e,
  0x7c, 0x30, 0xf8, 0x25, 0xe1, 0xa5, 0xf0, 0x87, 0xc2, 0xaf, 0x0e, 0x5a,
  0x78, 0x73, 0x4b, 0x07, 0x7b, 0x47, 0x6c, 0x98, 0x69, 0x5f, 0x18, 0xdf,
  0x2c, 0x8d, 0x99, 0x25, 0x7c, 0x71, 0xb9, 0xd8, 0x9c, 0x71, 0x9c, 0x57,
  0xa5, 0xd7, 0x25, 0xaf, 0x78, 0xfb, 0xc0, 0x9e, 0x15, 0x46, 0x93, 0xc4,
  0xfe, 0x23, 0xd3, 0x74, 0x75, 0x4f, 0xbc, 0x6f, 0x2f, 0x21, 0xb7, 0x03,
  0xea, 0x64, 0x75, 0xc5, 0x78, 0x6e, 0xb3, 0xfb, 0x6a, 0xfe, 0xc9, 0x7a,
  0x05, 0xcf, 0xd8, 0xf5, 0x2f, 0x8b, 0x3e, 0x1d, 0x12, 0xe7, 0x69, 0x11,
  0x5f, 0xc5, 0x3e, 0x0f, 0xb9, 0x88, 0xb8, 0x1f, 0x52, 0x68, 0x03, 0xe9,
  0xc9, 0x62, 0x8e, 0x68, 0xde, 0x19, 0x90, 0x49, 0x1c, 0x80, 0xab, 0x2b,
  0x0c, 0x86, 0x07, 0x82, 0x08, 0x3d, 0x41, 0xaf, 0xcf, 0xef, 0x88, 0xdf,
  0xf0, 0x4c, 0x1f, 0xd8, 0xef, 0xe2, 0x3e, 0xbb, 0x37, 0x88, 0xee, 0x7c,
  0x25, 0x2e, 0x83, 0x79, 0x72, 0xe5, 0xe6, 0x1a, 0x3d, 0xd4, 0x96, 0x70,
  0x48, 0xc4, 0xe4, 0x9f, 0x20, 0x6e, 0x89, 0x33, 0xfe, 0xc2, 0xad, 0x7d,
  0xad, 0xe0, 0xaf, 0x1f, 0xf8, 0x1f, 0xe2, 0x3e, 0x8a, 0x9e, 0x23, 0xf0,
  0x06, 0xbf, 0x63, 0xe2, 0x3d, 0x2e, 0x43, 0x81, 0x73, 0xa7, 0xdc, 0x47,
  0x73, 0x16, 0x7a, 0xe0, 0xb4, 0x64, 0x80, 0x7d, 0x8f, 0x35, 0xd7, 0x50,
  0x07, 0xce, 0xbf, 0x02, 0xbf, 0x65, 0x0f, 0x80, 0x7f, 0xb3, 0x84, 0x13,
  0x0f, 0x84, 0xbe, 0x14, 0x83, 0x4b, 0xbd, 0xb9, 0x4d, 0x93, 0xdf, 0xca,
  0xcf, 0x73, 0x7b, 0x2a, 0xe7, 0x3b, 0x5a, 0xe2, 0x62, 0xce, 0x17, 0x3c,
  0xec, 0x52, 0xab, 0x9e, 0xd5, 0xf3, 0x4f, 0xfc, 0x14, 0x77, 0xf6, 0xce,
  0xbf, 0xfd, 0x95, 0x3e, 0x1d, 0x69, 0xfa, 0x3f, 0x81, 0x7c, 0xb7, 0xf1,
  0xdf, 0x8b, 0xcc, 0xd1, 0xd8, 0x3c, 0xaa, 0x24, 0x4b, 0x2b, 0x78, 0x40,
  0x13, 0x5d, 0x32, 0x1e, 0x19, 0x81, 0x65, 0x58, 0x95, 0xbe, 0x52, 0xc4,
  0x93, 0x90, 0xa5, 0x4f, 0xe9, 0x05, 0x7f, 0x34, 0xff, 0x00, 0xf0, 0x5b,
  0x3d, 0x17, 0x5b, 0x83, 0xe3, 0x9f, 0x81, 0x3c, 0x41, 0x70, 0x18, 0xe9,
  0x37, 0xbe, 0x1e, 0x36, 0xd6, 0xed, 0xfc, 0x02, 0x7b, 0x6b, 0xb9, 0x5e,
  0x75, 0x1d, 0xb3, 0xb6, 0x68, 0xc9, 0xfa, 0x8a, 0x00, 0xfc, 0xb9, 0x73,
  0xf1, 0xcf, 0xf6, 0x8d, 0xf1, 0x7c, 0xf7, 0x3b, 0x35, 0xdf, 0x88, 0x9e,
  0x22, 0xb9, 0x6d, 0xf2, 0x14, 0x5b, 0x8d, 0x46, 0x71, 0xbc, 0xf0, 0x48,
  0x50, 0xfb, 0x17, 0x3c, 0x01, 0x80, 0xa3, 0xa0, 0xc5, 0x7d, 0x75, 0xf0,
  0xe7, 0xfe, 0x09, 0x5d, 0xfb, 0x63, 0x78, 0xff, 0x00, 0xca, 0x9e, 0xf7,
  0xc3, 0x16, 0xfe, 0x12, 0xb4, 0x93, 0x1f, 0xbe, 0xd6, 0xae, 0xe3, 0x85,
  0x80, 0x3e, 0xb0, 0xc5, 0xe6, 0xcc, 0x3e, 0x85, 0x05, 0x7d, 0xe3, 0xff,
  0x00, 0x04, 0xa7, 0xfd, 0xa9, 0x7f, 0x66, 0x9f, 0x85, 0x1f, 0x04, 0x35,
  0xbf, 0x02, 0xfc, 0x40, 0xf1, 0x05, 0x87, 0x83, 0xbc, 0x4e, 0x9a, 0xa4,
  0xd7, 0xb7, 0x13, 0x5f, 0x9f, 0x25, 0x6f, 0xed, 0xde, 0x34, 0x11, 0x32,
  0x4c, 0x46, 0x18, 0xc7, 0xb5, 0x93, 0xcb, 0xce, 0x47, 0x55, 0x07, 0x71,
  0xaf, 0xad, 0x3e, 0x23, 0x7f, 0xc1, 0x5c, 0x7f, 0x64, 0x6f, 0x04, 0xf9,
  0xd0, 0x78, 0x72, 0xfb, 0x53, 0xf1, 0xa5, 0xd4, 0x79, 0x01, 0x74, 0xcb,
  0x36, 0x8e, 0x12, 0xde, 0xf2, 0xdd, 0x98, 0x46, 0x3d, 0xd4, 0x35, 0x00,
  0x7c, 0xa1, 0xf0, 0xef, 0xfe, 0x08, 0x87, 0xa5, 0xc7, 0xe5, 0xdc, 0xfc,
  0x58, 0xf8, 0x97, 0x2d, 0xc1, 0xc8, 0x2f, 0x6d, 0xa2, 0xd9, 0xac, 0x43,
  0xdc, 0x0b, 0x8b, 0x92, 0xf9, 0xff, 0x00, 0xbf, 0x22, 0xbe, 0xf4, 0xf8,
  0x75, 0xff, 0x00, 0x04, 0xca, 0xfd, 0x8d, 0xfe, 0x1d, 0xf9, 0x73, 0x27,
  0x82, 0x17, 0xc4, 0x97, 0x71, 0xe0, 0xf9, 0xfa, 0xdc, 0xf2, 0x5e, 0xe4,
  0x8f, 0x58, 0x49, 0x58, 0x3f, 0xf2, 0x15, 0x7e, 0x62, 0xfc, 0x46, 0xff,
  0x00, 0x82, 0xdb, 0x7c, 0x42, 0xbf, 0x32, 0xdb, 0x7c, 0x29, 0xf8, 0x7b,
  0xa7, 0x68, 0xd1, 0x91, 0x84, 0xb8, 0xd5, 0xae, 0x25, 0xbe, 0x97, 0xfd,
  0xef, 0x2e, 0x1f, 0x21, 0x54, 0xfb, 0x16, 0x61, 0x5f, 0x05, 0xfc, 0x47,
  0xff, 0x00, 0x82, 0x86, 0xfe, 0xd8, 0x3f, 0x13, 0x4c, 0xd1, 0x6b, 0x1f,
  0x11, 0x6f, 0xb4, 0xbb, 0x49, 0xb2, 0x3e, 0xcd, 0xa4, 0x04, 0xd3, 0x63,
  0x0a, 0x7f, 0x87, 0x75, 0xb0, 0x49, 0x08, 0xff, 0x00, 0x79, 0xcd, 0x00,
  0x7f, 0x5a, 0x77, 0x9a, 0xbf, 0xc1, 0x3f, 0x81, 0x5a, 0x26, 0xcb, 0xdb,
  0xbd, 0x03, 0xc0, 0x3a, 0x54, 0x6b, 0x90, 0xac, 0xf6, 0xba, 0x64, 0x38,
  0x1e, 0x8b, 0xfb, 0xb0, 0x7f, 0x01, 0x5f, 0x1f, 0x7c, 0x47, 0xff, 0x00,
  0x82, 0xa7, 0xfe, 0xc7, 0x5f, 0x0f, 0xc4, 0xd0, 0xd9, 0x78, 0xa2, 0x7f,
  0x16, 0xde, 0x44, 0x0e, 0x21, 0xd1, 0x6d, 0x24, 0x9d, 0x58, 0x8e, 0x80,
  0x4f, 0x2f, 0x95, 0x01, 0xcf, 0xa8, 0x90, 0xd7, 0xf2, 0xf3, 0xe1, 0x7f,
  0x85, 0xbf, 0x1d, 0x7e, 0x37, 0xea, 0x86, 0xef, 0xc2, 0xbe, 0x19, 0xd7,
  0xbc, 0x69, 0x79, 0x70, 0x7e, 0x7b, 0x88, 0xad, 0xee, 0x2f, 0x32, 0x4f,
  0x77, 0x98, 0x86, 0x03, 0xea, 0xcd, 0x51, 0x7c, 0x61, 0xf8, 0x15, 0xf1,
  0x5b, 0xe0, 0x1e, 0xb9, 0xa7, 0xf8, 0x6f, 0xe2, 0xde, 0x81, 0x27, 0x87,
  0xb5, 0x3d, 0x4e, 0xcd, 0x6f, 0xe0, 0x82, 0x59, 0x23, 0x91, 0x9a, 0xdd,
  0xdd, 0xe3, 0x0c, 0x4c, 0x4c, 0xea, 0x0e, 0xe4, 0x60, 0x54, 0x9c, 0x8e,
  0xe3, 0x9a, 0x00, 0xe8, 0x3f, 0x68, 0xef, 0x8b, 0xf7, 0x9f, 0xb4, 0x97,
  0xc7, 0xbf, 0x13, 0xfc, 0x55, 0xb6, 0xd2, 0x4e, 0x9f, 0x27, 0x8a, 0x6f,
  0x23, 0xfb, 0x35, 0x8c, 0x7f, 0xbd, 0x91, 0x63, 0x8e, 0x34, 0xb7, 0x81,
  0x09, 0x50, 0x37, 0xc8, 0xca, 0x8b, 0xbb, 0x03, 0x96, 0x27, 0x1c, 0x62,
  0xbf, 0xb0, 0xaf, 0xd9, 0x83, 0xe1, 0xfe, 0xab, 0xf0, 0xaf, 0xf6, 0x78,
  0xf8, 0x77, 0xf0, 0xf7, 0x5e, 0x1b, 0x75, 0x3d, 0x0f, 0x44, 0xb3, 0x82,
  0xed, 0x7a, 0xec, 0xb8, 0xf2, 0xc3, 0x4a, 0x9f, 0xf0, 0x17, 0x25, 0x7f,
  0x0a, 0xfc, 0x8d, 0xff, 0x00, 0x82, 0x4c, 0xfe, 0xc9, 0x3f, 0x04, 0xbc,
  0x4f, 0xe0, 0xab, 0x0f, 0xda, 0x63, 0x5c, 0x69, 0x7c, 0x41, 0xe2, 0xcd,
  0x3b, 0x50, 0xb9, 0xb5, 0x86, 0xce, 0xe0, 0x20, 0xb3, 0xd3, 0x2e, 0x6d,
  0x98, 0x14, 0x95, 0x10, 0x64, 0xc9, 0x29, 0x8d, 0xd1, 0xd5, 0xdc, 0xe1,
  0x09, 0xf9, 0x57, 0x70, 0x0d, 0x5f, 0xbd, 0x34, 0x00, 0x51, 0x45, 0x14,
  0x01, 0xff, 0xd5, 0xfd, 0xfc, 0xa2, 0x8a, 0x28, 0x00, 0xa2, 0x8a, 0x28,
  0x00, 0xa2, 0x8a, 0xf8, 0x0f, 0xf6, 0xe2, 0xfd, 0xbb, 0x3c, 0x17, 0xfb,
  0x26, 0x78, 0x5c, 0xe9, 0x1a, 0x6f, 0x93, 0xad, 0xfc, 0x44, 0xd5, 0x61,
  0x2d, 0xa7, 0xe9, 0x7b, 0xb2, 0x90, 0x2b, 0x64, 0x0b, 0x9b, 0xbd, 0xa7,
  0x2b, 0x10, 0x3f, 0x75, 0x72, 0x1a, 0x42, 0x30, 0x30, 0x37, 0x32, 0x80,
  0x74, 0x3f, 0xb6, 0x8f, 0xed, 0xb1, 0xe0, 0x2f, 0xd9, 0x1f, 0xc1, 0xbb,
  0xee, 0x4c, 0x7a, 0xcf, 0x8d, 0xf5, 0x58, 0x9b, 0xfb, 0x27, 0x47, 0x57,
  0xc1, 0x63, 0xc8, 0xfb, 0x45, 0xc9, 0x1c, 0xc7, 0x6e, 0xa7, 0xa9, 0xea,
  0xe4, 0x6d, 0x4f, 0xe2, 0x2b, 0xfc, 0xaa, 0xea, 0xfa, 0xbf, 0xc6, 0xef,
  0xda, 0xfb, 0xe3, 0x57, 0xda, 0xae, 0xfe, 0xd5, 0xe3, 0x0f, 0x1c, 0xf8,
  0xae, 0xe0, 0x47, 0x14, 0x51, 0x8e, 0x15, 0x47, 0xdd, 0x8e, 0x35, 0xfb,
  0x90, 0xc1, 0x12, 0xe7, 0xd1, 0x11, 0x41, 0x24, 0xf5, 0x35, 0xe7, 0xbf,
  0x11, 0x3e, 0x22, 0xf8, 0xd3, 0xe2, 0xc7, 0x8c, 0xb5, 0x3f, 0x1f, 0xfc,
  0x41, 0xd5, 0x66, 0xd6, 0x75, 0xdd, 0x5e, 0x53, 0x2d, 0xc5, 0xc4, 0xc7,
  0x24, 0x9e, 0x81, 0x54, 0x0e, 0x11, 0x14, 0x61, 0x55, 0x14, 0x05, 0x50,
  0x00, 0x00, 0x0a, 0x6f, 0x82, 0x3e, 0x23, 0x78, 0xff, 0x00, 0xe1, 0xa6,
  0xa5, 0x2e, 0xb5, 0xf0, 0xef, 0xc4, 0x7a, 0x87, 0x86, 0x75, 0x09, 0xe2,
  0x30, 0xc9, 0x71, 0xa6, 0xdd, 0x4b, 0x69, 0x33, 0x44, 0x48, 0x25, 0x0b,
  0xc4, 0xca, 0xc5, 0x49, 0x00, 0x91, 0x9c, 0x71, 0x40, 0x1f, 0xd6, 0x27,
  0xec, 0x33, 0xfb, 0x07, 0x78, 0x3b, 0xf6, 0x4e, 0xf0, 0xd2, 0xeb, 0xda,
  0xc8, 0x87, 0x5b, 0xf8, 0x8f, 0xaa, 0xc2, 0x16, 0xff, 0x00, 0x52, 0x0b,
  0x94, 0xb5, 0x46, 0xc1, 0x36, 0xb6, 0x9b, 0x80, 0x2b, 0x18, 0x3f, 0x7d,
  0xf0, 0x1a, 0x42, 0x32, 0x70, 0xb8, 0x51, 0xfa, 0x0b, 0x5f, 0xc6, 0x07,
  0x80, 0xff, 0x00, 0x6f, 0x5f, 0xda, 0xef, 0xe1, 0xf6, 0xb1, 0x16, 0xb1,
  0xa6, 0x7c, 0x4f, 0xd6, 0x35, 0x3f, 0x2d, 0x83, 0x35, 0xbe, 0xad, 0x72,
  0xfa, 0x95, 0xbc, 0x80, 0x75, 0x56, 0x8e, 0xe4, 0xbe, 0x01, 0xf5, 0x52,
  0xa7, 0xd0, 0x83, 0x5f, 0xd3, 0x37, 0xec, 0x3b, 0xfb, 0x63, 0xe8, 0x5f,
  0xb5, 0xef, 0xc3, 0x7b, 0x8d, 0x65, 0xed, 0x63, 0xd2, 0x3c, 0x5d, 0xa0,
  0x3c, 0x70, 0x6b, 0x1a, 0x7c, 0x6c, 0x5a, 0x35, 0x69, 0x01, 0x31, 0xcf,
  0x0e, 0xe2, 0x5b, 0xc9, 0x97, 0x6b, 0x60, 0x1e, 0x55, 0x95, 0x94, 0x93,
  0x80, 0xcc, 0x01, 0xf6, 0xcd, 0x45, 0x3c, 0x10, 0xdc, 0xc3, 0x25, 0xb5,
  0xc2, 0x09, 0x22, 0x95, 0x4a, 0x3a, 0x30, 0xca, 0xb2, 0xb0, 0xc1, 0x04,
  0x1e, 0xa0, 0x8a, 0x96, 0x8a, 0x00, 0xfe, 0x48, 0x3f, 0x6e, 0x1f, 0xd8,
  0x0b, 0xe2, 0x47, 0xec, 0xeb, 0xe3, 0x8d, 0x5b, 0xc4, 0xbe, 0x0e, 0xd1,
  0xae, 0x75, 0xbf, 0x86, 0xba, 0x84, 0xef, 0x3d, 0x95, 0xed, 0xac, 0x6d,
  0x31, 0xb0, 0x49, 0x0e, 0xef, 0xb3, 0x5d, 0x85, 0x04, 0xc7, 0xe5, 0xe7,
  0x6a, 0xc8, 0x7e, 0x57, 0x50, 0x0e, 0x77, 0x65, 0x47, 0xc5, 0xc7, 0xe2,
  0xa7, 0xc6, 0x3d, 0x6e, 0xca, 0x0f, 0x0e, 0x37, 0x8b, 0xf5, 0xeb, 0xfb,
  0x48, 0x50, 0x45, 0x15, 0x9f, 0xdb, 0xee, 0xa5, 0x8d, 0x50, 0x70, 0x15,
  0x62, 0xde, 0x40, 0x03, 0xb0, 0x02, 0xbf, 0xba, 0xf2, 0x03, 0x02, 0xac,
  0x32, 0x0f, 0x04, 0x1a, 0xc9, 0xb4, 0xf0, 0xf6, 0x81, 0xa7, 0xce, 0xf7,
  0x56, 0x1a, 0x6d, 0xb5, 0xb4, 0xd2, 0x1c, 0xb3, 0xc5, 0x0a, 0x23, 0x31,
  0xf5, 0x25, 0x40, 0x26, 0x80, 0x3f, 0x88, 0x2d, 0x03, 0xf6, 0x7e, 0xfd,
  0xa0, 0x7c, 0x75, 0x2a, 0xc9, 0xe1, 0xdf, 0x87, 0xbe, 0x23, 0xd6, 0x5a,
  0x5e, 0x92, 0x45, 0xa6, 0x5d, 0x48, 0xa7, 0xfe, 0xda, 0x79, 0x7b, 0x7f,
  0x5a, 0xf6, 0xfd, 0x27, 0xfe, 0x09, 0xd1, 0xfb, 0x69, 0xeb, 0x16, 0x72,
  0x5f, 0x5b, 0x7c, 0x2d, 0xd4, 0x21, 0x8e, 0x34, 0x2f, 0xb6, 0xe6, 0x6b,
  0x6b, 0x79, 0x0e, 0x3b, 0x08, 0xe5, 0x95, 0x5c, 0x9f, 0x41, 0xb6, 0xbf,
  0xb2, 0x5a, 0x28, 0x03, 0xf8, 0x97, 0xf8, 0x0f, 0xf1, 0xdb, 0xe2, 0xdf,
  0xec, 0x81, 0xf1, 0x81, 0x3c, 0x41, 0xa1, 0x1b, 0x9d, 0x32, 0xf7, 0x4b,
  0xba, 0xfb, 0x2e, 0xb3, 0xa3, 0x5c, 0xef, 0x8a, 0x3b, 0xa8, 0xa2, 0x7d,
  0xb3, 0x5b, 0x5c, 0xc4, 0xdd, 0x18, 0x60, 0x85, 0x62, 0x37, 0x46, 0xdc,
  0x8f, 0x7f, 0xed, 0x03, 0xc1, 0x1e, 0x2f, 0xd1, 0xbe, 0x20, 0x78, 0x3b,
  0x43, 0xf1, 0xcf, 0x87, 0x65, 0xf3, 0xb4, 0xbf, 0x10, 0x59, 0x5b, 0xdf,
  0xdb, 0x3f, 0x73, 0x0d, 0xcc, 0x62, 0x44, 0xce, 0x3b, 0xe1, 0xb9, 0x1d,
  0x8d, 0x7f, 0x31, 0x7f, 0xf0, 0x58, 0x0f, 0x83, 0xc3, 0xc0, 0x3f, 0xb4,
  0xb4, 0x1f, 0x10, 0xb4, 0xf8, 0x3c, 0xbd, 0x3b, 0xe2, 0x0d, 0x82, 0x5d,
  0xb1, 0x51, 0x85, 0xfb, 0x75, 0x9e, 0x2d, 0xee, 0x07, 0xd4, 0xa0, 0x89,
  0xcf, 0xa9, 0x73, 0x5f, 0xa9, 0x5f, 0xf0, 0x48, 0x9f, 0x8c, 0x3f, 0xf0,
  0xb0, 0xff, 0x00, 0x66, 0x01, 0xe0, 0x5b, 0xf9, 0xfc, 0xcd, 0x4b, 0xe1,
  0xf5, 0xf4, 0x96, 0x18, 0x27, 0x2d, 0xf6, 0x2b, 0x8c, 0xdc, 0x5b, 0x37,
  0xd0, 0x16, 0x92, 0x31, 0xec, 0x94, 0x01, 0xfa, 0xa5, 0x5f, 0x30, 0xfe,
  0xd6, 0x1f, 0xb2, 0xd7, 0x81, 0xff, 0x00, 0x6b, 0x1f, 0x86, 0x12, 0x78,
  0x07, 0xc5, 0x92, 0x36, 0x9f, 0x7f, 0x69, 0x21, 0xb9, 0xd2, 0xf5, 0x28,
  0x94, 0x3c, 0xb6, 0x57, 0x5b, 0x76, 0xee, 0xda, 0x71, 0xbe, 0x37, 0x1f,
  0x2c, 0x89, 0x91, 0xb8, 0x72, 0x08, 0x60, 0xa4, 0x7d, 0x3d, 0x45, 0x00,
  0x7f, 0x23, 0xfe, 0x3f, 0xff, 0x00, 0x82, 0x55, 0x7e, 0xd8, 0xfe, 0x0d,
  0xd7, 0x25, 0xd3, 0x74, 0x4f, 0x0b, 0x41, 0xe2, 0xdb, 0x10, 0xe4, 0x45,
  0x7d, 0xa6, 0xde, 0xdb, 0x88, 0xe4, 0x5c, 0xf0, 0x4a, 0x5c, 0x3c, 0x32,
  0x21, 0xc7, 0x50, 0x57, 0x8f, 0x53, 0xd6, 0xbd, 0x2f, 0xe1, 0xd7, 0xfc,
  0x11, 0xcb, 0xf6, 0xa1, 0xf1, 0x51, 0x8e, 0x7f, 0x1b, 0x5e, 0x68, 0xde,
  0x0b, 0xb6, 0x6c, 0x16, 0x5b, 0x8b, 0x93, 0x79, 0x72, 0x01, 0xf4, 0x8e,
  0xd8, 0x3c, 0x64, 0xfb, 0x19, 0x45, 0x7f, 0x52, 0xb4, 0xc9, 0x24, 0x8e,
  0x24, 0x69, 0x65, 0x60, 0x88, 0x83, 0x25, 0x89, 0xc0, 0x00, 0x77, 0x26,
  0x80, 0x3f, 0x92, 0x5f, 0xdb, 0x6b, 0xfe, 0x09, 0xdf, 0xe2, 0xaf, 0xd9,
  0x17, 0xc3, 0xde, 0x1f, 0xf1, 0x9e, 0x9f, 0xae, 0x37, 0x8b, 0xfc, 0x3b,
  0xa8, 0x9f, 0xb2, 0xdf, 0x5e, 0x2d, 0xaf, 0xd9, 0xbe, 0xc7, 0x7c, 0x72,
  0x51, 0x19, 0x03, 0xc9, 0xfb, 0xb9, 0x17, 0xee, 0x31, 0x6f, 0xbc, 0xa4,
  0x1c, 0x65, 0x73, 0xee, 0x5f, 0xf0, 0x48, 0xdf, 0x14, 0xfc, 0x0c, 0xd5,
  0xbe, 0x20, 0xea, 0x3f, 0x08, 0x3e, 0x27, 0xf8, 0x27, 0x45, 0xd4, 0xfc,
  0x4b, 0xa9, 0x07, 0xbe, 0xd0, 0xb5, 0x6b, 0xeb, 0x48, 0xae, 0x27, 0x2d,
  0x0a, 0x66, 0x6b, 0x4c, 0xca, 0x18, 0x03, 0xb1, 0x4c, 0xb1, 0x95, 0x00,
  0xf0, 0xe0, 0x93, 0xf2, 0x81, 0xfb, 0x25, 0xfb, 0x4f, 0xfc, 0x79, 0xfd,
  0x8e, 0xaf, 0xbe, 0x1b, 0xf8, 0x9b, 0xe1, 0x67, 0xc6, 0x5f, 0x88, 0x7a,
  0x2a, 0x59, 0xeb, 0x96, 0x72, 0xda, 0xcf, 0x6d, 0x04, 0xe2, 0xf6, 0xee,
  0x26, 0x61, 0xf2, 0x48, 0xb0, 0x5b, 0x79, 0x92, 0x2c, 0x91, 0xb8, 0x57,
  0x42, 0x54, 0x61, 0x80, 0x35, 0xfc, 0x8d, 0xf8, 0x07, 0xc6, 0xfa, 0xa7,
  0xc2, 0x6f, 0x89, 0x9a, 0x1f, 0x8f, 0xfc, 0x27, 0x73, 0xe7, 0x5e, 0x78,
  0x5f, 0x52, 0x86, 0xf6, 0xd6, 0x55, 0xdd, 0x1a, 0xcd, 0xf6, 0x69, 0x03,
  0x0c, 0x82, 0x37, 0x05, 0x91, 0x46, 0x08, 0x23, 0x38, 0x24, 0x11, 0x40,
  0x1f, 0xdd, 0xb5, 0xb5, 0xb5, 0xb5, 0x9c, 0x09, 0x6b, 0x69, 0x12, 0x41,
  0x0c, 0x63, 0x0a, 0x88, 0xa1, 0x55, 0x47, 0xa0, 0x03, 0x80, 0x2b, 0xf0,
  0xdf, 0xfe, 0x0b, 0x6b, 0xf0, 0xcb, 0xed, 0xfe, 0x07, 0xf8, 0x7d, 0xf1,
  0x76, 0xd2, 0x12, 0x5f, 0x47, 0xbd, 0xb8, 0xd2, 0x2e, 0x9c, 0x0f, 0xf9,
  0x65, 0x78, 0x9e, 0x74, 0x3b, 0xbd, 0x95, 0xe1, 0x70, 0x3d, 0xde, 0xbe,
  0x4e, 0xf8, 0x8b, 0xff, 0x00, 0x05, 0x99, 0xfd, 0xa4, 0x3c, 0x4d, 0xe6,
  0x5b, 0xf8, 0x07, 0x44, 0xd1, 0xbc, 0x1b, 0x6e, 0xd9, 0xda, 0xe2, 0x27,
  0xd4, 0x2e, 0x94, 0x76, 0xfd, 0xe4, 0xe4, 0x44, 0x7f, 0xef, 0xcd, 0x7e,
  0x7e, 0xfc, 0x54, 0xfd, 0xa6, 0xff, 0x00, 0x68, 0x3f, 0x8e, 0xa8, 0x34,
  0xef, 0x89, 0xfe, 0x38, 0xd5, 0x3c, 0x43, 0x68, 0xf2, 0x2c, 0x8b, 0x64,
  0xf2, 0xf9, 0x76, 0x9e, 0x60, 0x3f, 0x29, 0x16, 0xd0, 0x84, 0x8b, 0x70,
  0xcf, 0x07, 0x66, 0x47, 0x6a, 0x00, 0xfd, 0x4a, 0xff, 0x00, 0x82, 0x3b,
  0xfe, 0xd1, 0x5e, 0x07, 0xf8, 0x6c, 0x9f, 0x10, 0xbe, 0x1c, 0x7c, 0x49,
  0xf1, 0x2d, 0x87, 0x87, 0x34, 0xeb, 0xd6, 0xb4, 0xd5, 0x2c, 0x65, 0xd4,
  0x6e, 0xa3, 0xb5, 0x85, 0xa7, 0x19, 0x82, 0xe1, 0x15, 0xa5, 0x65, 0x52,
  0xcc, 0xbe, 0x51, 0xc0, 0x39, 0xc2, 0x93, 0xda, 0xbf, 0xa2, 0x1d, 0x0f,
  0xc4, 0x1a, 0x0f, 0x89, 0xf4, 0xd8, 0xb5, 0x9f, 0x0d, 0x6a, 0x56, 0xda,
  0xb6, 0x9f, 0x3f, 0x31, 0xdc, 0xda, 0x4c, 0x93, 0xc2, 0xff, 0x00, 0xee,
  0xc9, 0x19, 0x65, 0x3f, 0x81, 0xaf, 0xe2, 0x77, 0xc1, 0xdf, 0xb2, 0x77,
  0xed, 0x2f, 0xe3, 0xfd, 0x3a, 0x4d, 0x5f, 0xc2, 0x1f, 0x0c, 0xb5, 0xfd,
  0x46, 0xc5, 0x17, 0x7f, 0x9c, 0xb6, 0x12, 0xa4, 0x6e, 0x07, 0xfc, 0xf3,
  0x69, 0x15, 0x43, 0x9f, 0x64, 0xc9, 0xae, 0x9b, 0xf6, 0x67, 0xfd, 0xa7,
  0x7e, 0x2c, 0x7e, 0xc8, 0x9f, 0x13, 0xa2, 0xd5, 0xf4, 0x29, 0xae, 0x62,
  0xb0, 0x8a, 0xe4, 0x43, 0xad, 0xe8, 0x57, 0x05, 0x92, 0x2b, 0xa8, 0xd1,
  0xb6, 0xcb, 0x1c, 0x91, 0x3f, 0xfa, 0xb9, 0xd3, 0x04, 0x23, 0xe0, 0x32,
  0x30, 0xc1, 0xc8, 0xdc, 0xa4, 0x03, 0xfb, 0x53, 0xa2, 0xb9, 0xff, 0x00,
  0x09, 0xf8, 0x9b, 0x48, 0xf1, 0xaf, 0x85, 0xf4, 0x8f, 0x18, 0xf8, 0x7e,
  0x6f, 0xb4, 0x69, 0x9a, 0xe5, 0x9c, 0x17, 0xd6, 0xb2, 0x7f, 0x7a, 0x1b,
  0x98, 0xc4, 0x91, 0x9f, 0x62, 0x55, 0x87, 0x15, 0xd0, 0x50, 0x07, 0xff,
  0xd6, 0xfd, 0xfc, 0xa2, 0x8a, 0x28, 0x00, 0xa2, 0x8a, 0xfc, 0xbd, 0xfd,
  0xbf, 0x7f, 0xe0, 0xa1, 0x9e, 0x1f, 0xfd, 0x9a, 0x34, 0xab, 0x8f, 0x87,
  0x3f, 0x0d, 0xe5, 0x87, 0x57, 0xf8, 0x9b, 0x7d, 0x17, 0xdd, 0xe2, 0x48,
  0x34, 0x88, 0xe4, 0x1c, 0x4d, 0x70, 0x3a, 0x34, 0xa4, 0x1c, 0xc7, 0x09,
  0xf6, 0x67, 0xf9, 0x70, 0x1c, 0x03, 0xa4, 0xfd, 0xbc, 0xbf, 0x6f, 0xcf,
  0x0b, 0x7e, 0xca, 0xda, 0x04, 0x9e, 0x10, 0xf0, 0x93, 0x43, 0xad, 0x7c,
  0x4c, 0xd4, 0xe1, 0xcd, 0xb5, 0x99, 0x3b, 0xe1, 0xd3, 0xe3, 0x71, 0xf2,
  0xdc, 0xdd, 0x80, 0x7f, 0x18, 0xe2, 0xe0, 0xbf, 0x53, 0x84, 0xe4, 0xff,
  0x00, 0x33, 0x3e, 0x0d, 0xf0, 0x67, 0xc6, 0xbf, 0xda, 0xf3, 0xe3, 0x31,
  0xd2, 0xf4, 0x9f, 0xb4, 0xf8, 0xb3, 0xc6, 0x7e, 0x27, 0x9d, 0xa7, 0xba,
  0xbb, 0xb8, 0x62, 0x42, 0x29, 0x23, 0x7c, 0xf7, 0x12, 0x63, 0x11, 0xc3,
  0x18, 0xc7, 0x60, 0x14, 0x61, 0x54, 0x7d, 0xd5, 0xab, 0x5f, 0x0a, 0xbe,
  0x14, 0x7c, 0x66, 0xfd, 0xaf, 0xbe, 0x30, 0x36, 0x85, 0xe1, 0xd1, 0x3f,
  0x88, 0x3c, 0x4b, 0xae, 0xce, 0xd7, 0x7a, 0x8e, 0xa3, 0x76, 0xec, 0xc9,
  0x0a, 0x3b, 0x7e, 0xf2, 0xe6, 0xea, 0x63, 0x9d, 0xa8, 0x33, 0xf5, 0x27,
  0x0a, 0xa0, 0x92, 0x05, 0x7f, 0x5a, 0x3f, 0xb2, 0x7f, 0xec, 0x95, 0xf0,
  0xe3, 0xf6, 0x4d, 0xf0, 0x0a, 0x78, 0x5f, 0xc2, 0x31, 0x0b, 0xdd, 0x6a,
  0xf9, 0x51, 0xf5, 0x6d, 0x5e, 0x54, 0x02, 0xe2, 0xf6, 0x65, 0x1f, 0x8e,
  0xc8, 0x90, 0x93, 0xe5, 0xc6, 0x0e, 0x14, 0x72, 0x72, 0xc4, 0xb1, 0x00,
  0xe2, 0x3f, 0x65, 0x8f, 0xd8, 0x3f, 0xe0, 0xcf, 0xec, 0xdf, 0xf0, 0xf6,
  0x3f, 0x0f, 0x5e, 0x69, 0x16, 0x3e, 0x2c, 0xf1, 0x25, 0xf8, 0x49, 0x75,
  0x5d, 0x56, 0xfe, 0xd6, 0x39, 0x9a, 0x69, 0x80, 0xfb, 0x90, 0x2c, 0xa1,
  0xbc, 0xa8, 0x53, 0x24, 0x2a, 0x8e, 0x4f, 0xde, 0x62, 0x49, 0xe3, 0xe9,
  0xcf, 0xf8, 0x54, 0x1f, 0x09, 0xbf, 0xe8, 0x49, 0xd1, 0x3f, 0xf0, 0x5b,
  0x6d, 0xff, 0x00, 0xc6, 0xeb, 0xd1, 0x28, 0xa0, 0x0f, 0xca, 0xdf, 0xf8,
  0x29, 0x77, 0xec, 0x9d, 0xf0, 0xeb, 0xc6, 0x3f, 0xb3, 0x4f, 0x88, 0x3c,
  0x73, 0xe0, 0xcf, 0x0a, 0x69, 0xfa, 0x5f, 0x8a, 0x7c, 0x10, 0x8b, 0xa9,
  0xc3, 0x71, 0x63, 0x6b, 0x1d, 0xbc, 0xb2, 0x59, 0xc4, 0x7f, 0xd2, 0xe2,
  0x73, 0x12, 0xae, 0xf4, 0x11, 0x16, 0x90, 0x06, 0xce, 0x19, 0x06, 0x31,
  0x93, 0x9f, 0xc7, 0x9f, 0xf8, 0x25, 0x5f, 0xc6, 0x0f, 0xf8, 0x55, 0xbf,
  0xb5, 0x96, 0x8b, 0xa2, 0xde, 0xcf, 0xe5, 0x69, 0x7e, 0x3b, 0x82, 0x5d,
  0x12, 0x70, 0x4e, 0x17, 0xcf, 0x97, 0x12, 0xda, 0xb6, 0x3d, 0x4c, 0xc8,
  0xa8, 0x3f, 0xdf, 0x35, 0xfd, 0x63, 0x6b, 0x3a, 0x46, 0x9f, 0xaf, 0xe9,
  0x17, 0xda, 0x0e, 0xad, 0x08, 0xb8, 0xb1, 0xd4, 0xa0, 0x96, 0xda, 0xe2,
  0x36, 0xe4, 0x3c, 0x53, 0x29, 0x47, 0x53, 0xec, 0x54, 0x91, 0x5f, 0xc3,
  0xef, 0xc4, 0xef, 0x08, 0x78, 0x93, 0xf6, 0x75, 0xf8, 0xf5, 0xae, 0xf8,
  0x4e, 0x29, 0x1e, 0xdb, 0x56, 0xf0, 0x2e, 0xb6, 0xe2, 0xd6, 0x63, 0xc3,
  0x1f, 0xb2, 0xcd, 0xe6, 0x5b, 0x4c, 0x3d, 0x9d, 0x42, 0x38, 0xf6, 0x22,
  0x80, 0x3f, 0xb9, 0x4a, 0x2b, 0xe1, 0x5f, 0x87, 0xbf, 0xf0, 0x51, 0x7f,
  0xd9, 0x37, 0xc5, 0xdf, 0x0f, 0x74, 0x9f, 0x18, 0xeb, 0x7f, 0x10, 0xb4,
  0xcd, 0x02, 0xfa, 0xea, 0xde, 0x36, 0xbc, 0xd3, 0xaf, 0x24, 0x68, 0xee,
  0xed, 0xae, 0x36, 0x8f, 0x36, 0x33, 0x16, 0x0b, 0x30, 0x56, 0xc8, 0x0c,
  0xa0, 0xab, 0x0c, 0x10, 0x6b, 0x92, 0xf1, 0x2f, 0xfc, 0x15, 0x5b, 0xf6,
  0x2a, 0xf0, 0xf3, 0x3c, 0x76, 0xde, 0x30, 0xb9, 0xd6, 0x9d, 0x33, 0xc5,
  0x86, 0x9b, 0x76, 0xc0, 0x91, 0xd8, 0x34, 0xb1, 0xc4, 0xbf, 0xae, 0x28,
  0x03, 0xf4, 0x5e, 0x8a, 0xfc, 0x6a, 0xf1, 0x1f, 0xfc, 0x16, 0xb7, 0xf6,
  0x7d, 0xb0, 0x76, 0x4f, 0x0c, 0xf8, 0x37, 0xc4, 0x7a, 0xb6, 0x3a, 0x34,
  0xcb, 0x6b, 0x68, 0xa7, 0xff, 0x00, 0x23, 0x48, 0xdf, 0xa5, 0x7b, 0x57,
  0xec, 0xfb, 0xff, 0x00, 0x05, 0x4d, 0xfd, 0x9c, 0x3e, 0x3a, 0x78, 0x86,
  0xd7, 0xc1, 0xba, 0x81, 0xbc, 0xf0, 0x3e, 0xbd, 0x7c, 0xe2, 0x2b, 0x68,
  0xb5, 0x6f, 0x2c, 0x5a, 0xdc, 0x48, 0xdc, 0x2c, 0x71, 0xdc, 0xc6, 0xc5,
  0x03, 0x93, 0xc0, 0x12, 0x04, 0xc9, 0xc0, 0x19, 0x27, 0x14, 0x01, 0xfa,
  0x57, 0x45, 0x14, 0x50, 0x07, 0xe6, 0x67, 0xfc, 0x15, 0x5f, 0xe0, 0x36,
  0xa3, 0xf1, 0x97, 0xf6, 0x68, 0x9b, 0xc4, 0x3e, 0x1b, 0xb2, 0x6b, 0xdd,
  0x7b, 0xc0, 0x17, 0x3f, 0xda, 0xd1, 0x47, 0x1a, 0xee, 0x95, 0xec, 0xca,
  0x98, 0xef, 0x11, 0x40, 0xe4, 0xe1, 0x36, 0xca, 0x40, 0xeb, 0xe5, 0xe0,
  0x73, 0x8a, 0xfc, 0x01, 0xfd, 0x8b, 0x3f, 0x6c, 0x4f, 0x12, 0x7e, 0xc7,
  0x9e, 0x3f, 0xd4, 0x7c, 0x4b, 0xa7, 0xe9, 0x2b, 0xe2, 0x0d, 0x13, 0x5e,
  0xb7, 0x4b, 0x6d, 0x4b, 0x4f, 0x69, 0x8c, 0x0d, 0x20, 0x89, 0xb7, 0xc5,
  0x2c, 0x72, 0x05, 0x70, 0xb2, 0x46, 0x4b, 0x01, 0x95, 0x60, 0x43, 0x30,
  0xc7, 0x20, 0x8f, 0xec, 0xc0, 0x80, 0xc0, 0xab, 0x0c, 0x83, 0xd4, 0x57,
  0xe5, 0x87, 0xc7, 0x9f, 0xf8, 0x24, 0xa7, 0xec, 0xf3, 0xf1, 0x7b, 0xc4,
  0x37, 0x5e, 0x2e, 0xf0, 0x8d, 0xe5, 0xe7, 0xc3, 0xed, 0x52, 0xfd, 0xda,
  0x5b, 0x88, 0xf4, 0xf4, 0x8e, 0x6b, 0x09, 0x24, 0x63, 0x96, 0x71, 0x6a,
  0xf8, 0xf2, 0xc9, 0x3d, 0x44, 0x6e, 0xab, 0xfe, 0xcd, 0x00, 0x7c, 0xe7,
  0xff, 0x00, 0x0f, 0xc5, 0xf0, 0x9f, 0xfd, 0x12, 0x4b, 0xdf, 0xfc, 0x1b,
  0xc5, 0xff, 0x00, 0xc8, 0xd5, 0x6a, 0xcb, 0xfe, 0x0b, 0x85, 0xe0, 0x79,
  0x2f, 0x21, 0x4d, 0x47, 0xe1, 0x56, 0xa3, 0x05, 0xab, 0x30, 0x12, 0xc9,
  0x16, 0xa7, 0x0c, 0xb2, 0x2a, 0x77, 0x2a, 0x8d, 0x0a, 0x06, 0x23, 0xb0,
  0x2c, 0xb9, 0xf5, 0x15, 0x57, 0xfe, 0x1c, 0x75, 0xe1, 0x3f, 0xfa, 0x2b,
  0x77, 0xbf, 0xf8, 0x28, 0x8b, 0xff, 0x00, 0x92, 0x6a, 0xd5, 0x8f, 0xfc,
  0x10, 0xf7, 0xc0, 0xd1, 0xde, 0x43, 0x26, 0xa3, 0xf1, 0x57, 0x51, 0x9e,
  0xd5, 0x58, 0x19, 0x63, 0x8b, 0x4c, 0x86, 0x29, 0x19, 0x3b, 0x85, 0x76,
  0x99, 0xc2, 0x93, 0xea, 0x55, 0xb1, 0xe8, 0x68, 0x03, 0xea, 0xdf, 0xda,
  0xff, 0x00, 0xfe, 0x0a, 0x0d, 0xe1, 0x3f, 0x81, 0xff, 0x00, 0x01, 0x3c,
  0x31, 0xf1, 0x0f, 0xe1, 0xa7, 0x95, 0xae, 0x6b, 0xff, 0x00, 0x12, 0x2d,
  0x56, 0xe3, 0xc3, 0xd1, 0x5c, 0x02, 0x23, 0x8e, 0xdd, 0x91, 0x5d, 0xee,
  0xae, 0x23, 0x04, 0x36, 0x22, 0xde, 0xab, 0xe5, 0xe4, 0x16, 0x90, 0xe3,
  0x38, 0x0d, 0x8f, 0xe6, 0x83, 0xe2, 0x1f, 0xed, 0x09, 0xfb, 0x42, 0x7c,
  0x78, 0xd6, 0x24, 0x3e, 0x39, 0xf1, 0x86, 0xb3, 0xe2, 0x49, 0xaf, 0x9c,
  0xed, 0xb2, 0x59, 0xa4, 0xfb, 0x3e, 0x49, 0xce, 0xd8, 0xad, 0x21, 0xc4,
  0x4a, 0x3d, 0x02, 0xa5, 0x7d, 0xcd, 0xff, 0x00, 0x05, 0x6d, 0xf0, 0x1c,
  0x1f, 0x0d, 0x3e, 0x2d, 0xfc, 0x38, 0xf0, 0x37, 0x87, 0xad, 0xde, 0xd7,
  0xc2, 0x7a, 0x0f, 0x83, 0x6c, 0xac, 0x34, 0xa8, 0xd8, 0x96, 0x0a, 0x96,
  0xd7, 0x17, 0x0b, 0x20, 0x2c, 0x7e, 0xf3, 0xfd, 0xd2, 0xe7, 0xa9, 0xc8,
  0x26, 0xbe, 0xdf, 0xff, 0x00, 0x82, 0x44, 0x78, 0xe3, 0xf6, 0x71, 0xf0,
  0xc7, 0xc0, 0xdd, 0x59, 0x35, 0x1d, 0x5b, 0x47, 0xd1, 0x3c, 0x7d, 0x1e,
  0xa3, 0x70, 0xfa, 0xa4, 0x9a, 0x84, 0xd0, 0xdb, 0x5d, 0x3d, 0xae, 0x17,
  0xec, 0xed, 0x1b, 0xcc, 0x54, 0x98, 0x15, 0x72, 0x30, 0xa7, 0x01, 0xf7,
  0x13, 0x82, 0x41, 0x20, 0x1f, 0x8f, 0xdf, 0x0e, 0x3f, 0x60, 0xcf, 0xda,
  0xdf, 0xe2, 0x8f, 0x93, 0x2f, 0x86, 0xfe, 0x1a, 0xea, 0x76, 0xd6, 0x93,
  0x60, 0x8b, 0x9d, 0x49, 0x17, 0x4d, 0x87, 0x69, 0xfe, 0x20, 0xd7, 0x66,
  0x32, 0xc3, 0xfd, 0xd0, 0x6b, 0xef, 0x6f, 0x87, 0x3f, 0xf0, 0x44, 0xff,
  0x00, 0x8b, 0x7a, 0xbf, 0x93, 0x73, 0xf1, 0x43, 0xc7, 0x3a, 0x57, 0x87,
  0x22, 0x6c, 0x17, 0x83, 0x4f, 0x8a, 0x5d, 0x46, 0x70, 0x3d, 0x09, 0x7f,
  0x22, 0x30, 0x7e, 0x8c, 0xc2, 0xbf, 0x59, 0xfe, 0x23, 0x7f, 0xc1, 0x47,
  0xbf, 0x63, 0xaf, 0x86, 0xde, 0x64, 0x57, 0xdf, 0x10, 0x6d, 0xb5, 0xbb,
  0xb8, 0xf2, 0x3e, 0xcf, 0xa2, 0xa3, 0xea, 0x2c, 0x48, 0xec, 0x24, 0x84,
  0x18, 0x47, 0xe3, 0x20, 0xaf, 0x82, 0x7e, 0x23, 0x7f, 0xc1, 0x6e, 0x7c,
  0x23, 0x69, 0xe6, 0xdb, 0x7c, 0x27, 0xf8, 0x73, 0x79, 0xa9, 0x37, 0x21,
  0x2e, 0x75, 0x8b, 0xa4, 0xb5, 0x4f, 0x63, 0xe4, 0xc0, 0x26, 0x24, 0x7b,
  0x79, 0x8b, 0x40, 0x1f, 0x42, 0x7c, 0x39, 0xff, 0x00, 0x82, 0x3f, 0x7e,
  0xca, 0x5e, 0x10, 0xf2, 0xa7, 0xf1, 0x77, 0xf6, 0xbf, 0x8d, 0x6e, 0x90,
  0x82, 0xc2, 0xf6, 0xef, 0xec, 0xd6, 0xe4, 0x8f, 0x48, 0xad, 0x04, 0x4d,
  0x8f, 0x63, 0x23, 0x57, 0xdc, 0xfe, 0x0b, 0xf8, 0x0d, 0xfb, 0x3f, 0x7c,
  0x19, 0xb3, 0xfb, 0x67, 0x82, 0xfc, 0x15, 0xa1, 0x78, 0x61, 0x2d, 0x86,
  0x5a, 0xee, 0x3b, 0x48, 0x62, 0x95, 0x40, 0xee, 0xf7, 0x0e, 0x37, 0xfe,
  0x2c, 0xf5, 0xfc, 0xcf, 0xfc, 0x46, 0xff, 0x00, 0x82, 0xb2, 0x7e, 0xd8,
  0x1e, 0x3a, 0xf3, 0xa0, 0xd1, 0x75, 0x9b, 0x0f, 0x06, 0xda, 0x4b, 0x9c,
  0x47, 0xa4, 0x59, 0xa0, 0x90, 0x2f, 0xa7, 0x9d, 0x72, 0x67, 0x90, 0x1f,
  0x75, 0x2b, 0x5f, 0x16, 0x6b, 0xde, 0x3c, 0xf8, 0xe3, 0xf1, 0xcf, 0x59,
  0x16, 0xfe, 0x20, 0xd7, 0x35, 0xff, 0x00, 0x1c, 0xea, 0x53, 0x1c, 0xac,
  0x12, 0x4d, 0x73, 0x7e, 0xf9, 0xff, 0x00, 0x62, 0x2c, 0xbe, 0x3e, 0x8a,
  0xb4, 0x01, 0xfd, 0x73, 0x7c, 0x48, 0xfd, 0xbc, 0x7f, 0x64, 0x9f, 0x85,
  0x82, 0x78, 0xfc, 0x4b, 0xf1, 0x27, 0x4c, 0xb9, 0xbb, 0x83, 0x39, 0xb5,
  0xd3, 0x1c, 0xea, 0x53, 0x96, 0x1f, 0xc3, 0xb6, 0xd4, 0x48, 0x14, 0xff,
  0x00, 0xbc, 0x56, 0xbf, 0x93, 0xaf, 0xda, 0x77, 0xe2, 0xa6, 0x93, 0xf1,
  0xdb, 0xf6, 0x81, 0xf1, 0xaf, 0xc5, 0x3f, 0x0c, 0xe9, 0xaf, 0xa6, 0xe9,
  0xfe, 0x25, 0xd4, 0x0c, 0xd6, 0xb6, 0xcc, 0xa3, 0xcd, 0xd8, 0xa8, 0xb1,
  0x2b, 0x3a, 0xae, 0x47, 0x99, 0x26, 0xdd, 0xee, 0x01, 0x3f, 0x33, 0x1e,
  0x4f, 0x5a, 0xe1, 0xfe, 0x20, 0x7c, 0x23, 0xf8, 0x9f, 0xf0, 0xa4, 0xe9,
  0x89, 0xf1, 0x2f, 0xc2, 0xfa, 0x87, 0x86, 0x24, 0xd6, 0x61, 0x6b, 0x8b,
  0x44, 0xd4, 0x6d, 0xde, 0xda, 0x49, 0xa2, 0x46, 0xda, 0xcc, 0x11, 0xc0,
  0x61, 0x83, 0xea, 0x05, 0x7e, 0xc1, 0x7f, 0xc1, 0x27, 0x3f, 0x63, 0xaf,
  0x85, 0x3f, 0x14, 0xad, 0x5b, 0xf6, 0x89, 0xf1, 0xb5, 0xf1, 0xd6, 0xef,
  0xfc, 0x2d, 0xaa, 0xb5, 0xad, 0xae, 0x88, 0xd1, 0x81, 0x6f, 0x6f, 0x75,
  0x0a, 0x47, 0x34, 0x57, 0x33, 0x92, 0x49, 0x97, 0xef, 0x83, 0x1a, 0x60,
  0x28, 0x61, 0x93, 0xbb, 0x18, 0x00, 0x1f, 0xb8, 0x1f, 0xb2, 0xff, 0x00,
  0x83, 0xf5, 0x9f, 0x87, 0xff, 0x00, 0xb3, 0x9f, 0xc3, 0x5f, 0x05, 0xf8,
  0x85, 0x4c, 0x7a, 0xa6, 0x8f, 0xe1, 0xfd, 0x3a, 0xde, 0xe5, 0x1b, 0xac,
  0x73, 0x2c, 0x0b, 0xbd, 0x0f, 0xba, 0x1f, 0x97, 0xf0, 0xaf, 0x76, 0xa2,
  0x8a, 0x00, 0xff, 0xd7, 0xfd, 0xfc, 0xa2, 0x8a, 0xfc, 0x6d, 0xff, 0x00,
  0x82, 0x87, 0xff, 0x00, 0xc1, 0x48, 0xac, 0xfe, 0x0e, 0xc3, 0xa8, 0x7c,
  0x14, 0xf8, 0x15, 0x7d, 0x1d, 0xdf, 0x8e, 0xa4, 0x56, 0x87, 0x51, 0xd4,
  0xe3, 0x21, 0xe2, 0xd1, 0xc3, 0x0c, 0x18, 0xe3, 0x3c, 0x86, 0xbb, 0xc7,
  0xd4, 0x45, 0xdf, 0x2f, 0xc2, 0x80, 0x74, 0xff, 0x00, 0xf0, 0x50, 0x8f,
  0xf8, 0x28, 0xce, 0x95, 0xf0, 0x06, 0xce, 0xf3, 0xe1, 0x1f, 0xc1, 0xeb,
  0x98, 0xb5, 0x1f, 0x88, 0xf7, 0x31, 0x94, 0xba, 0xb9, 0x5c, 0x49, 0x06,
  0x8a, 0x8e, 0x3a, 0xb0, 0xe4, 0x3d, 0xc9, 0x07, 0x29, 0x19, 0xe1, 0x38,
  0x67, 0xec, 0xad, 0xfc, 0xe2, 0x78, 0x07, 0xc2, 0xba, 0xbf, 0xc7, 0x1f,
  0x89, 0xf0, 0x69, 0x3a, 0xff, 0x00, 0x8a, 0x6c, 0x34, 0x8b, 0xad, 0x72,
  0xe1, 0xe7, 0xbf, 0xd6, 0xfc, 0x41, 0x7c, 0x96, 0xf6, 0xf1, 0x06, 0x3b,
  0xa6, 0x9e, 0x69, 0xa7, 0x60, 0x5d, 0xb9, 0xc8, 0x50, 0x4b, 0xb9, 0xe0,
  0x0e, 0xf5, 0x7b, 0xe1, 0xb7, 0xc1, 0x4f, 0x8d, 0xbf, 0xb4, 0x26, 0xb1,
  0xaa, 0xbf, 0xc3, 0x6f, 0x0d, 0xea, 0x3e, 0x31, 0xd4, 0x2d, 0xbf, 0xd2,
  0x6f, 0xe6, 0x88, 0x79, 0x85, 0x5a, 0x66, 0x3f, 0x34, 0xb2, 0xc8, 0x40,
  0xde, 0xed, 0x93, 0xcb, 0x6e, 0x6e, 0x4f, 0x38, 0x26, 0xbd, 0x93, 0xfe,
  0x1d, 0xf5, 0xfb, 0x66, 0xff, 0x00, 0xd1, 0x28, 0xd5, 0xbf, 0xf2, 0x0f,
  0xff, 0x00, 0x1c, 0xa0, 0x0f, 0xe8, 0x8b, 0xf6, 0x64, 0xd5, 0xbf, 0x61,
  0x1f, 0xd9, 0x63, 0xe1, 0xec, 0x3e, 0x07, 0xf0, 0x0f, 0xc5, 0x4f, 0x09,
  0x49, 0x73, 0x30, 0x59, 0x35, 0x2d, 0x4e, 0x5d, 0x66, 0xc7, 0xed, 0x5a,
  0x85, 0xc0, 0x18, 0x32, 0x48, 0x44, 0xbc, 0x28, 0xe4, 0x47, 0x18, 0x3b,
  0x50, 0x74, 0xc9, 0x2c, 0xc7, 0xea, 0x5d, 0x13, 0xf6, 0x96, 0xfd, 0x9d,
  0xbc, 0x4b, 0xa8, 0x47, 0xa4, 0xf8, 0x7f, 0xe2, 0x7f, 0x86, 0x75, 0x1b,
  0xd9, 0x88, 0x09, 0x0d, 0xbe, 0xb1, 0x67, 0x24, 0x8e, 0x4f, 0x40, 0xaa,
  0xb2, 0x92, 0x4f, 0xb0, 0xaf, 0xe4, 0xe3, 0xfe, 0x1d, 0xf5, 0xfb, 0x66,
  0xff, 0x00, 0xd1, 0x28, 0xd5, 0xbf, 0xf2, 0x0f, 0xff, 0x00, 0x1c, 0xae,
  0x0f, 0xe2, 0x2f, 0xec, 0x8d, 0xfb, 0x4b, 0x7c, 0x26, 0xf0, 0xdc, 0xbe,
  0x30, 0xf8, 0x87, 0xf0, 0xf3, 0x55, 0xd1, 0xb4, 0x5b, 0x76, 0x55, 0x96,
  0xee, 0x48, 0x84, 0x90, 0xc4, 0x58, 0xe1, 0x4c, 0x8d, 0x1b, 0x36, 0xc0,
  0x49, 0x00, 0x16, 0xc0, 0xc9, 0x03, 0x39, 0xa0, 0x0f, 0xed, 0xbc, 0x10,
  0x46, 0x47, 0x20, 0xd2, 0xd7, 0xf3, 0x9b, 0xff, 0x00, 0x04, 0xa3, 0xfd,
  0xb5, 0xbc, 0x63, 0x6d, 0xe3, 0xdb, 0x2f, 0xd9, 0x9f, 0xe2, 0x5e, 0xab,
  0x2e, 0xad, 0xa1, 0xeb, 0x51, 0xc8, 0xba, 0x0c, 0xf7, 0x4e, 0x64, 0x96,
  0xca, 0xea, 0x24, 0x32, 0x7d, 0x98, 0x3b, 0x64, 0x98, 0x65, 0x45, 0x60,
  0x8a, 0x4f, 0xc8, 0xe0, 0x05, 0xc0, 0x62, 0x2b, 0xfa, 0x32, 0xa0, 0x02,
  0xbf, 0x2c, 0x7f, 0x6f, 0xcf, 0xf8, 0x27, 0x3d, 0x97, 0xed, 0x45, 0x74,
  0x9f, 0x13, 0xbe, 0x1b, 0x5e, 0xdb, 0xe8, 0x7f, 0x10, 0x6d, 0x60, 0x58,
  0x27, 0x17, 0x39, 0x5b, 0x4d, 0x4e, 0x18, 0x86, 0x23, 0x59, 0x59, 0x03,
  0x34, 0x73, 0x20, 0xf9, 0x56, 0x4d, 0xa4, 0x15, 0xc2, 0xb0, 0xc0, 0x05,
  0x7f, 0x53, 0xa8, 0xa0, 0x0f, 0xe3, 0xee, 0x7f, 0xf8, 0x26, 0x2f, 0xed,
  0xb9, 0x0e, 0xac, 0xfa, 0x4a, 0xfc, 0x39, 0x79, 0x76, 0x9c, 0x09, 0xd3,
  0x51, 0xb0, 0xf2, 0x08, 0xf5, 0x0e, 0x6e, 0x07, 0x1f, 0x51, 0x9f, 0x6a,
  0xf5, 0x9f, 0x0d, 0xff, 0x00, 0xc1, 0x1e, 0xbf, 0x6b, 0xcd, 0x69, 0x90,
  0xea, 0xeb, 0xa0, 0xe8, 0x08, 0x7a, 0xfd, 0xaf, 0x51, 0x32, 0x30, 0xfc,
  0x2d, 0xa2, 0x98, 0x1f, 0xce, 0xbf, 0xaa, 0xba, 0x28, 0x03, 0xf9, 0xd4,
  0xf0, 0xe7, 0xfc, 0x11, 0x03, 0xc7, 0x73, 0x95, 0x6f, 0x17, 0x7c, 0x51,
  0xd3, 0x6c, 0x47, 0xf1, 0x2d, 0x8e, 0x9f, 0x35, 0xd7, 0xe4, 0xd2, 0xc9,
  0x07, 0xf2, 0xaf, 0xcd, 0xbf, 0xda, 0xf3, 0xf6, 0x50, 0xf1, 0x7f, 0xec,
  0x87, 0xf1, 0x32, 0x1f, 0x02, 0xf8, 0x87, 0x50, 0x8b, 0x59, 0xb1, 0xd4,
  0x6d, 0x96, 0xf7, 0x4d, 0xd4, 0x60, 0x43, 0x12, 0xdc, 0x43, 0xb8, 0xa3,
  0x06, 0x8c, 0x96, 0x29, 0x22, 0x32, 0x90, 0xcb, 0xb9, 0xb8, 0x20, 0x83,
  0x83, 0x5f, 0xda, 0x7d, 0x7e, 0x40, 0xff, 0x00, 0xc1, 0x64, 0x7e, 0x0f,
  0x7f, 0xc2, 0x67, 0xfb, 0x3f, 0x69, 0x1f, 0x15, 0x34, 0xf8, 0x37, 0xdf,
  0xf8, 0x0b, 0x50, 0x5f, 0x39, 0x80, 0xc9, 0x16, 0x1a, 0x8e, 0xd8, 0x64,
  0xcf, 0xb0, 0x98, 0x42, 0x7d, 0x86, 0x68, 0x03, 0xde, 0x7f, 0xe0, 0x99,
  0xff, 0x00, 0x1f, 0x35, 0x1f, 0x8f, 0x1f, 0xb3, 0x06, 0x91, 0x37, 0x89,
  0x6f, 0x4d, 0xf7, 0x88, 0xfc, 0x23, 0x33, 0xe8, 0xb7, 0xf2, 0xb9, 0xcc,
  0xb2, 0x88, 0x15, 0x5a, 0xde, 0x57, 0x27, 0x92, 0x5a, 0x06, 0x40, 0x58,
  0xf2, 0xcc, 0xac, 0x4f, 0x39, 0xaf, 0xd0, 0x5a, 0xfe, 0x64, 0x3f, 0xe0,
  0x8c, 0xff, 0x00, 0x18, 0x7f, 0xe1, 0x12, 0xf8, 0xed, 0xae, 0xfc, 0x24,
  0xd4, 0x27, 0xd9, 0x65, 0xe3, 0x9d, 0x3c, 0xcb, 0x6e, 0xa4, 0xf1, 0xf6,
  0xfd, 0x37, 0x74, 0xaa, 0x00, 0xf5, 0x68, 0x1a, 0x5c, 0xfa, 0xed, 0x15,
  0xfd, 0x37, 0xd0, 0x01, 0x45, 0x14, 0x50, 0x01, 0x45, 0x14, 0x50, 0x07,
  0xc4, 0xbf, 0xb7, 0x1f, 0xec, 0x73, 0xa1, 0xfe, 0xd7, 0xbf, 0x0d, 0xad,
  0xf4, 0x68, 0xae, 0xa3, 0xd2, 0x3c, 0x5d, 0xe1, 0xf7, 0x92, 0x7d, 0x1f,
  0x50, 0x91, 0x4b, 0x46, 0xad, 0x20, 0x02, 0x4b, 0x79, 0xb6, 0x82, 0xde,
  0x4c, 0xbb, 0x57, 0x24, 0x64, 0xab, 0x2a, 0xb0, 0x07, 0x05, 0x5b, 0xf9,
  0x97, 0xf1, 0xd7, 0xec, 0x1d, 0xfb, 0x5c, 0xfc, 0x3f, 0xd6, 0xa4, 0xd1,
  0x75, 0x5f, 0x86, 0x3a, 0xc6, 0xa0, 0x51, 0x8a, 0xad, 0xce, 0x97, 0x6c,
  0xda, 0x8d, 0xac, 0x80, 0x74, 0x65, 0x96, 0xd8, 0x38, 0x00, 0xf5, 0xf9,
  0xb6, 0x91, 0xdc, 0x0a, 0xfe, 0xd0, 0xab, 0xf1, 0xbb, 0xfe, 0x0a, 0xab,
  0xfb, 0x6a, 0x7f, 0xc2, 0xa9, 0xf0, 0x9c, 0x9f, 0xb3, 0xd7, 0xc3, 0x7b,
  0xfd, 0x9e, 0x2f, 0xf1, 0x3d, 0xbe, 0x75, 0x5b, 0x98, 0x5b, 0x0f, 0xa7,
  0x69, 0xb2, 0x8c, 0x79, 0x60, 0x8f, 0xbb, 0x35, 0xc8, 0xc8, 0x1d, 0xd6,
  0x3c, 0xb7, 0x05, 0x90, 0xd0, 0x07, 0xf3, 0x35, 0x71, 0x6f, 0x35, 0xa5,
  0xc4, 0xb6, 0xb7, 0x0b, 0xb2, 0x58, 0x59, 0x91, 0xd7, 0xd1, 0x94, 0xe0,
  0x8e, 0x3d, 0xeb, 0xf5, 0xe3, 0xf6, 0x29, 0xff, 0x00, 0x82, 0x5a, 0xdd,
  0xfe, 0xd1, 0x1f, 0x0f, 0xa0, 0xf8, 0xb3, 0xf1, 0x57, 0x5e, 0xbc, 0xf0,
  0xae, 0x83, 0xa9, 0x49, 0xff, 0x00, 0x12, 0xdb, 0x4b, 0x48, 0x10, 0xdd,
  0x5e, 0x5b, 0x2f, 0x06, 0xe0, 0xbc, 0xb9, 0x58, 0xe3, 0x66, 0xe2, 0x3f,
  0x91, 0x8b, 0x00, 0x5b, 0x85, 0x2a, 0x4f, 0xcf, 0xbf, 0xf0, 0x4f, 0xbf,
  0xd8, 0xee, 0xff, 0x00, 0xf6, 0xab, 0xf8, 0xae, 0x93, 0x6b, 0xf0, 0x49,
  0x17, 0x80, 0x3c, 0x2e, 0xf1, 0xdc, 0x6b, 0x37, 0x03, 0x2a, 0x27, 0x39,
  0xcc, 0x76, 0x51, 0xb7, 0xf7, 0xe6, 0xc7, 0xce, 0x47, 0x2b, 0x18, 0x27,
  0x82, 0x57, 0x3f, 0xd7, 0xa6, 0x9d, 0xa7, 0x58, 0x69, 0x1a, 0x7d, 0xb6,
  0x93, 0xa5, 0x5b, 0xc7, 0x69, 0x65, 0x65, 0x12, 0x43, 0x04, 0x31, 0x28,
  0x48, 0xe2, 0x8a, 0x35, 0x0a, 0x88, 0x8a, 0x38, 0x0a, 0xaa, 0x00, 0x00,
  0x74, 0x14, 0x01, 0xfc, 0x4b, 0x7e, 0xd5, 0xdf, 0x06, 0xad, 0x7f, 0x67,
  0xff, 0x00, 0xda, 0x0f, 0xc6, 0x7f, 0x09, 0x74, 0xd7, 0x9e, 0x4d, 0x3b,
  0x43, 0xbb, 0x51, 0x65, 0x25, 0xc1, 0x0d, 0x2b, 0xda, 0xcf, 0x12, 0x4d,
  0x0b, 0x3b, 0x2a, 0xa8, 0x2d, 0xb1, 0xc0, 0x24, 0x00, 0x33, 0x9e, 0x05,
  0x7f, 0x5a, 0x3f, 0xb1, 0x8d, 0xe7, 0x83, 0xf5, 0xff, 0x00, 0xd9, 0x9f,
  0xe1, 0xd7, 0x8b, 0xfc, 0x27, 0xa3, 0x58, 0x69, 0x1f, 0xda, 0xda, 0x25,
  0x99, 0xba, 0x5b, 0x1b, 0x68, 0xad, 0xd5, 0xae, 0xa2, 0x41, 0x15, 0xc1,
  0x22, 0x25, 0x50, 0x4f, 0x9c, 0x8f, 0x9c, 0xf7, 0xaf, 0xc3, 0x0f, 0xf8,
  0x2d, 0x0f, 0xc3, 0xff, 0x00, 0xec, 0x0f, 0xda, 0x1b, 0xc3, 0x5e, 0x3e,
  0x82, 0x3d, 0xb0, 0x78, 0xaf, 0x44, 0x48, 0xe4, 0x6c, 0x70, 0xd7, 0x3a,
  0x7c, 0xad, 0x1b, 0xfe, 0x3e, 0x53, 0xc4, 0x2b, 0xf4, 0x53, 0xfe, 0x08,
  0xed, 0xe3, 0xf1, 0xe2, 0x9f, 0xd9, 0x5a, 0x7f, 0x08, 0xcd, 0x26, 0xeb,
  0x8f, 0x07, 0x6b, 0x57, 0x76, 0xa1, 0x49, 0xe4, 0x5b, 0xdd, 0x05, 0xba,
  0x8c, 0xfd, 0x0b, 0xc9, 0x20, 0x1f, 0x4a, 0x00, 0xf3, 0xdf, 0xf8, 0x2d,
  0x47, 0xc3, 0x3f, 0xed, 0xef, 0x82, 0xbe, 0x10, 0xf8, 0xa5, 0x6b, 0x0e,
  0xe9, 0xfc, 0x29, 0xaa, 0xb5, 0xa4, 0xec, 0x07, 0x22, 0xd7, 0x52, 0x4c,
  0x64, 0x9f, 0x41, 0x2c, 0x31, 0x81, 0xee, 0xd5, 0xf3, 0x3f, 0xfc, 0x11,
  0x33, 0xe2, 0x67, 0xf6, 0x67, 0xc4, 0x6f, 0x1f, 0x7c, 0x25, 0xba, 0x97,
  0x11, 0x6b, 0xba, 0x7c, 0x1a, 0xad, 0xb2, 0x1f, 0xf9, 0xed, 0x61, 0x27,
  0x95, 0x20, 0x5f, 0x76, 0x49, 0xc1, 0x3e, 0xc9, 0x5f, 0xb4, 0x3f, 0xb6,
  0x47, 0xc3, 0x3f, 0xf8, 0x5b, 0xbf, 0xb3, 0x07, 0xc4, 0x7f, 0x02, 0xc5,
  0x17, 0x9d, 0x75, 0x75, 0xa4, 0x4f, 0x71, 0x6a, 0xb8, 0xc9, 0x37, 0x56,
  0x58, 0xba, 0x80, 0x0f, 0x73, 0x24, 0x4a, 0x3f, 0x1a, 0xfe, 0x55, 0x7f,
  0x61, 0x0f, 0x89, 0xbf, 0xf0, 0xa9, 0xbf, 0x6b, 0x3f, 0x87, 0x1e, 0x28,
  0x9a, 0x6f, 0x26, 0xce, 0xe3, 0x52, 0x4d, 0x32, 0xec, 0xe7, 0xe5, 0xf2,
  0x35, 0x20, 0x6d, 0x58, 0xb7, 0xb2, 0x99, 0x03, 0xff, 0x00, 0xc0, 0x68,
  0x03, 0xfb, 0x42, 0xa2, 0x8a, 0x28, 0x03, 0xff, 0xd0, 0xfa, 0xcb, 0xfe,
  0x0a, 0x77, 0xfb, 0x65, 0xdf, 0xfe, 0xce, 0x3f, 0x0f, 0x2d, 0x7e, 0x1d,
  0xfc, 0x3c, 0xbb, 0xfb, 0x3f, 0x8f, 0x7c, 0x69, 0x14, 0x9e, 0x5d, 0xc2,
  0x1f, 0xde, 0x69, 0xda, 0x7a, 0x9d, 0x92, 0x5c, 0xaf, 0xa4, 0xb2, 0x36,
  0x63, 0x84, 0xf6, 0x21, 0xdc, 0x72, 0x83, 0x3f, 0xcf, 0xef, 0xec, 0x9f,
  0xfb, 0x29, 0x7c, 0x46, 0xfd, 0xaf, 0xbe, 0x25, 0x37, 0x87, 0x3c, 0x3c,
  0xed, 0x6b, 0xa5, 0x5a, 0x32, 0xdc, 0x6b, 0x5a, 0xcc, 0xe0, 0xbc, 0x76,
  0x91, 0x48, 0xc7, 0x93, 0x9f, 0xf5, 0x93, 0xc9, 0x83, 0xe5, 0xa6, 0x72,
  0xc4, 0x12, 0x48, 0x50, 0xc4, 0x5d, 0xfd, 0xbb, 0xfe, 0x2c, 0x5d, 0xfc,
  0x63, 0xfd, 0xab, 0x3e, 0x20, 0x78, 0x99, 0xe7, 0x33, 0x59, 0x58, 0x6a,
  0x12, 0x69, 0x36, 0x03, 0x39, 0x55, 0xb4, 0xd3, 0x89, 0xb7, 0x4d, 0xbe,
  0xce, 0x55, 0xa4, 0x3e, 0xee, 0x4f, 0x7a, 0xfe, 0xa0, 0xbf, 0x61, 0xaf,
  0x80, 0x5a, 0x5f, 0xec, 0xf1, 0xfb, 0x38, 0x78, 0x57, 0xc2, 0x71, 0x5b,
  0x2c, 0x5a, 0xd6, 0xa7, 0x6f, 0x1e, 0xa9, 0xac, 0x4b, 0x8c, 0x3c, 0x97,
  0xf7, 0x68, 0xae, 0xea, 0xc7, 0xa9, 0x10, 0xae, 0xd8, 0x97, 0xd9, 0x33,
  0xd4, 0x9a, 0x00, 0xf5, 0xcf, 0x81, 0x9f, 0x02, 0xbe, 0x1c, 0xfe, 0xce,
  0xff, 0x00, 0x0f, 0xac, 0x7e, 0x1c, 0x7c, 0x34, 0xd3, 0x85, 0x8e, 0x9d,
  0x6a, 0x37, 0x4b, 0x2b, 0x61, 0xae, 0x2e, 0xe7, 0x20, 0x07, 0x9e, 0xe2,
  0x4c, 0x02, 0xf2, 0x36, 0x3a, 0xf4, 0x03, 0x0a, 0xa0, 0x28, 0x00, 0x7b,
  0x0d, 0x14, 0x50, 0x01, 0x5c, 0xbf, 0x8d, 0xfc, 0x23, 0xa3, 0xf8, 0xff,
  0x00, 0xc1, 0xba, 0xe7, 0x81, 0xfc, 0x41, 0x10, 0x9f, 0x4c, 0xd7, 0xec,
  0xae, 0x2c, 0x2e, 0x50, 0x80, 0x73, 0x15, 0xcc, 0x66, 0x36, 0xeb, 0xdf,
  0x0d, 0x91, 0xef, 0x5d, 0x45, 0x14, 0x01, 0xfc, 0x30, 0xe3, 0xc5, 0xbf,
  0xb3, 0x97, 0xc7, 0x4e, 0x73, 0x07, 0x88, 0xbe, 0x1d, 0x6b, 0xde, 0xeb,
  0x9b, 0x8d, 0x36, 0xe7, 0xff, 0x00, 0x41, 0x62, 0x9f, 0x8a, 0x9a, 0xfe,
  0xdd, 0xbc, 0x11, 0xe2, 0xed, 0x23, 0xc7, 0xde, 0x0d, 0xd0, 0xbc, 0x73,
  0xa0, 0x48, 0x25, 0xd3, 0x7c, 0x41, 0x63, 0x6f, 0x7f, 0x6e, 0xc0, 0xe7,
  0x31, 0x5c, 0xc6, 0xb2, 0x2e, 0x7d, 0xf0, 0xdc, 0xfb, 0xd7, 0xf3, 0x29,
  0xff, 0x00, 0x05, 0x7d, 0xf8, 0x1b, 0x7b, 0xe0, 0x0f, 0xda, 0x22, 0x3f,
  0x8a, 0xfa, 0x7d, 0x99, 0x4d, 0x0b, 0xe2, 0x0d, 0xb4, 0x72, 0xb4, 0xca,
  0xbf, 0xbb, 0x5d, 0x4a, 0xd5, 0x44, 0x53, 0xc6, 0x4f, 0x40, 0xcc, 0x82,
  0x39, 0x3f, 0xda, 0x2c, 0xc7, 0xb1, 0xae, 0xe3, 0xf6, 0x3f, 0xff, 0x00,
  0x82, 0xad, 0xe9, 0xbf, 0x00, 0xfe, 0x0b, 0x69, 0xdf, 0x08, 0xfe, 0x23,
  0xf8, 0x4a, 0xf7, 0xc4, 0x07, 0xc3, 0xa2, 0x48, 0xf4, 0xdb, 0xcb, 0x19,
  0xe3, 0x56, 0x6b, 0x67, 0x72, 0xeb, 0x0c, 0xcb, 0x2e, 0x31, 0xe5, 0x96,
  0x2a, 0xac, 0xa4, 0xfc, 0xb8, 0x1b, 0x46, 0x32, 0x40, 0x3f, 0xa5, 0xba,
  0x2b, 0xf9, 0xf9, 0xf1, 0x2f, 0xfc, 0x17, 0x12, 0xe8, 0x96, 0x4f, 0x07,
  0xfc, 0x26, 0x44, 0x1d, 0xa4, 0xbf, 0xd5, 0x4b, 0x7e, 0x71, 0xc5, 0x6e,
  0xbf, 0xfa, 0x1d, 0x78, 0x07, 0x89, 0xbf, 0xe0, 0xb3, 0xbf, 0xb4, 0xfe,
  0xaa, 0x59, 0x7c, 0x3d, 0xa1, 0xf8, 0x6f, 0x43, 0x8c, 0xf4, 0x2b, 0x6b,
  0x71, 0x71, 0x20, 0xff, 0x00, 0x81, 0x4b, 0x70, 0x54, 0x9f, 0xf8, 0x05,
  0x00, 0x7f, 0x50, 0xb4, 0x57, 0xf3, 0x0b, 0xf0, 0xc3, 0xfe, 0x0b, 0x2d,
  0xfb, 0x43, 0xf8, 0x7b, 0x5e, 0x85, 0xfe, 0x28, 0x69, 0x1a, 0x57, 0x8b,
  0x74, 0x47, 0x70, 0x27, 0x8e, 0x08, 0x7e, 0xc1, 0x76, 0xa9, 0x9e, 0x4c,
  0x52, 0xc6, 0x4c, 0x79, 0x03, 0xa0, 0x78, 0xce, 0x7a, 0x64, 0x75, 0xaf,
  0xe8, 0x93, 0xe0, 0xaf, 0xc6, 0x7f, 0x01, 0xfc, 0x7e, 0xf8, 0x73, 0xa5,
  0x7c, 0x50, 0xf8, 0x73, 0x7b, 0xf6, 0xcd, 0x23, 0x54, 0x53, 0xf2, 0xb8,
  0xdb, 0x34, 0x13, 0x27, 0x12, 0x41, 0x32, 0x64, 0xed, 0x92, 0x33, 0xc3,
  0x0c, 0x91, 0xd0, 0x82, 0x54, 0x82, 0x40, 0x3d, 0x5a, 0xb8, 0x2f, 0x8a,
  0x7f, 0x0f, 0x74, 0x5f, 0x8b, 0x3f, 0x0d, 0xfc, 0x4b, 0xf0, 0xd3, 0xc4,
  0x40, 0xff, 0x00, 0x67, 0x78, 0x9a, 0xc2, 0xe2, 0xc2, 0x56, 0x03, 0x2c,
  0x82, 0x74, 0x2a, 0x24, 0x5f, 0xf6, 0x91, 0xb0, 0xcb, 0xee, 0x05, 0x77,
  0xb4, 0x50, 0x07, 0xf1, 0x09, 0xf1, 0x2f, 0xe1, 0xa7, 0xc6, 0x4f, 0xd9,
  0x0b, 0xe3, 0x31, 0xd1, 0xb5, 0x8f, 0xb4, 0xf8, 0x77, 0xc4, 0xde, 0x1c,
  0xba, 0x17, 0x1a, 0x76, 0xa3, 0x6f, 0xba, 0x35, 0x9d, 0x63, 0x6f, 0xdd,
  0x5d, 0x5a, 0xc9, 0xd1, 0x91, 0xc7, 0xe5, 0xca, 0xb0, 0xc8, 0x22, 0xbe,
  0x94, 0x8b, 0xfe, 0x0a, 0xaf, 0xfb, 0x6e, 0xc5, 0x12, 0x45, 0xff, 0x00,
  0x09, 0xb5, 0xb3, 0xec, 0x00, 0x6e, 0x6d, 0x27, 0x4f, 0x2c, 0x71, 0xdc,
  0x9f, 0x23, 0xad, 0x7f, 0x55, 0x1f, 0x10, 0xfe, 0x15, 0x7c, 0x35, 0xf8,
  0xb5, 0xa3, 0x8d, 0x03, 0xe2, 0x67, 0x86, 0x74, 0xff, 0x00, 0x13, 0x58,
  0x29, 0x2c, 0x91, 0x5f, 0xdb, 0xa4, 0xe2, 0x36, 0x3f, 0xc5, 0x19, 0x60,
  0x4a, 0x37, 0xba, 0x90, 0x7d, 0xeb, 0xe6, 0x96, 0xff, 0x00, 0x82, 0x75,
  0x7e, 0xc5, 0x4c, 0x4b, 0x1f, 0x85, 0x7a, 0x76, 0x4f, 0xa4, 0xd7, 0x63,
  0xf4, 0x13, 0x50, 0x07, 0xf3, 0xe3, 0xff, 0x00, 0x0f, 0x5b, 0xfd, 0xb7,
  0x7f, 0xe8, 0x74, 0xb5, 0xff, 0x00, 0xc1, 0x46, 0x9f, 0xff, 0x00, 0xc6,
  0x2b, 0xeb, 0x5f, 0xd9, 0xb7, 0xfe, 0x0b, 0x21, 0xe3, 0x9b, 0x5f, 0x12,
  0xd9, 0xf8, 0x7b, 0xf6, 0x94, 0xd3, 0xad, 0x35, 0x2d, 0x0a, 0xee, 0x45,
  0x8d, 0xf5, 0x8d, 0x3a, 0x0f, 0xb3, 0xdd, 0x5a, 0x6e, 0x38, 0xf3, 0x25,
  0x81, 0x49, 0x8e, 0x58, 0xc7, 0x56, 0x08, 0xa8, 0xc0, 0x64, 0x80, 0xc7,
  0x0a, 0x7f, 0x56, 0x3f, 0xe1, 0xdd, 0x1f, 0xb1, 0x51, 0xe3, 0xfe, 0x15,
  0x5e, 0x9f, 0xff, 0x00, 0x7f, 0xee, 0xff, 0x00, 0xf8, 0xfd, 0x7e, 0x1e,
  0xff, 0x00, 0xc1, 0x47, 0xbf, 0xe0, 0x9f, 0xd1, 0xfe, 0xce, 0x5a, 0x82,
  0x7c, 0x57, 0xf8, 0x45, 0x69, 0x34, 0x9f, 0x0e, 0x35, 0x29, 0x16, 0x3b,
  0x8b, 0x72, 0xcd, 0x33, 0xe9, 0x17, 0x4e, 0x70, 0xaa, 0xce, 0xd9, 0x63,
  0x6f, 0x29, 0xff, 0x00, 0x56, 0xcc, 0x49, 0x56, 0xf9, 0x18, 0xf2, 0x99,
  0x00, 0xfe, 0xa1, 0xf4, 0x8d, 0x5f, 0x4b, 0xd7, 0xf4, 0xab, 0x3d, 0x73,
  0x44, 0xba, 0x8a, 0xfb, 0x4f, 0xd4, 0x21, 0x49, 0xed, 0xee, 0x21, 0x60,
  0xf1, 0x4b, 0x14, 0xaa, 0x19, 0x1d, 0x18, 0x70, 0x55, 0x81, 0x04, 0x11,
  0xda, 0xb4, 0x6b, 0xf9, 0xb0, 0xff, 0x00, 0x82, 0x5c, 0xfe, 0xde, 0x27,
  0xe1, 0xce, 0xab, 0x67, 0xfb, 0x39, 0x7c, 0x5e, 0xd4, 0x71, 0xe1, 0x5d,
  0x4e, 0x5d, 0x9a, 0x1d, 0xfd, 0xc3, 0xfc, 0xba, 0x75, 0xd4, 0xad, 0xff,
  0x00, 0x1e, 0xd2, 0x31, 0xe9, 0x6f, 0x33, 0x1f, 0x94, 0x9e, 0x23, 0x73,
  0xfd, 0xd6, 0x25, 0x7f, 0xa2, 0xdf, 0x17, 0x78, 0xb7, 0xc3, 0xbe, 0x03,
  0xf0, 0xbe, 0xab, 0xe3, 0x3f, 0x17, 0x5f, 0x47, 0xa6, 0x68, 0xda, 0x2d,
  0xbc, 0x97, 0x57, 0x77, 0x32, 0x9c, 0x24, 0x50, 0xc4, 0xbb, 0x98, 0x9f,
  0x5e, 0x9c, 0x01, 0xc9, 0x38, 0x03, 0x93, 0x40, 0x1f, 0x3c, 0xfe, 0xd8,
  0x3f, 0xb5, 0x07, 0x86, 0x7f, 0x65, 0x2f, 0x83, 0xd7, 0xfe, 0x3e, 0xd5,
  0x76, 0x5d, 0xeb, 0x77, 0x5b, 0xad, 0x74, 0x5d, 0x3d, 0x9b, 0x06, 0xee,
  0xf9, 0x94, 0x95, 0xc8, 0x1c, 0xf9, 0x51, 0xfd, 0xf9, 0x58, 0x74, 0x51,
  0x81, 0xf3, 0x32, 0x83, 0xfc, 0x90, 0xf8, 0x4f, 0xc3, 0x1f, 0x16, 0x3f,
  0x6b, 0x8f, 0x8e, 0xd1, 0x69, 0x16, 0x92, 0x49, 0xae, 0xf8, 0xcb, 0xc7,
  0x17, 0xef, 0x35, 0xc5, 0xcc, 0xb9, 0xda, 0xa5, 0xce, 0xe9, 0x67, 0x94,
  0x8f, 0xb9, 0x0c, 0x28, 0x09, 0x38, 0x18, 0x55, 0x50, 0xaa, 0x3a, 0x0a,
  0xf4, 0x3f, 0xdb, 0x27, 0xf6, 0xa2, 0xf1, 0x37, 0xed, 0x6d, 0xf1, 0x96,
  0xeb, 0xc5, 0xf3, 0x24, 0xb0, 0x68, 0x36, 0x44, 0xd9, 0x68, 0x3a, 0x77,
  0x24, 0xc1, 0x69, 0xbb, 0x86, 0x2a, 0x32, 0x0c, 0xd3, 0x1c, 0x3c, 0x84,
  0x67, 0x9c, 0x28, 0x25, 0x55, 0x6b, 0xfa, 0x0a, 0xff, 0x00, 0x82, 0x6a,
  0x7e, 0xc5, 0xf1, 0xfe, 0xcd, 0xbf, 0x0d, 0xff, 0x00, 0xe1, 0x3d, 0xf1,
  0xcd, 0x90, 0x5f, 0x88, 0x9e, 0x30, 0x85, 0x1e, 0xe5, 0x5c, 0x65, 0xf4,
  0xeb, 0x26, 0xc3, 0xc7, 0x66, 0x3d, 0x1c, 0xf0, 0xf3, 0x63, 0xf8, 0xb0,
  0xbf, 0xc0, 0x09, 0x00, 0xfb, 0x27, 0xf6, 0x76, 0xf8, 0x0d, 0xe0, 0xdf,
  0xd9, 0xb7, 0xe1, 0x3e, 0x8d, 0xf0, 0xaf, 0xc1, 0x71, 0xe6, 0x0d, 0x3d,
  0x37, 0xdd, 0x5d, 0x32, 0x81, 0x2d, 0xed, 0xe4, 0x80, 0x79, 0xd7, 0x12,
  0x63, 0xf8, 0x9c, 0x8e, 0x07, 0xf0, 0xa8, 0x55, 0x1c, 0x28, 0xaf, 0x70,
  0xa2, 0x8a, 0x00, 0xfc, 0x6c, 0xff, 0x00, 0x82, 0xd2, 0xfc, 0x3f, 0x3a,
  0xef, 0xc0, 0x3f, 0x0a, 0x7c, 0x41, 0x82, 0x3d, 0xd3, 0x78, 0x5b, 0x5b,
  0x10, 0x48, 0xd8, 0xe5, 0x6d, 0xf5, 0x18, 0x8a, 0xb1, 0x3e, 0xde, 0x6c,
  0x51, 0x0f, 0xc6, 0xbe, 0x54, 0xff, 0x00, 0x82, 0x25, 0x7c, 0x40, 0xfe,
  0xce, 0xf8, 0x9f, 0xf1, 0x07, 0xe1, 0x94, 0xf2, 0xe1, 0x35, 0xcd, 0x2e,
  0xdf, 0x52, 0x85, 0x09, 0xe0, 0xc9, 0xa7, 0xcd, 0xe5, 0x36, 0x3d, 0xca,
  0xdc, 0x64, 0xfb, 0x2d, 0x7e, 0xc5, 0xfe, 0xdd, 0x5f, 0x0f, 0xff, 0x00,
  0xe1, 0x66, 0x7e, 0xc9, 0x3f, 0x13, 0xbc, 0x33, 0x1c, 0x3e, 0x75, 0xc4,
  0x7a, 0x44, 0xba, 0x85, 0xba, 0xe3, 0x2d, 0xe7, 0x69, 0xc4, 0x5d, 0xa0,
  0x5f, 0x72, 0x62, 0xdb, 0xf8, 0xd7, 0xf3, 0x29, 0xff, 0x00, 0x04, 0xe5,
  0xf1, 0xf9, 0xf8, 0x77, 0xfb, 0x64, 0x7c, 0x39, 0xd4, 0x24, 0x90, 0x25,
  0xb6, 0xaf, 0x78, 0xfa, 0x3c, 0xd9, 0x38, 0x05, 0x75, 0x18, 0xda, 0xdd,
  0x01, 0xfa, 0x4a, 0xc8, 0x7f, 0x0a, 0x00, 0xfe, 0xc7, 0x19, 0x55, 0xd4,
  0xa3, 0x80, 0xca, 0xc3, 0x04, 0x1e, 0x84, 0x1a, 0xfe, 0x20, 0x3f, 0x69,
  0x3f, 0x87, 0xd7, 0x3f, 0x05, 0x7f, 0x68, 0xbf, 0x1d, 0xf8, 0x12, 0xd7,
  0x36, 0xc3, 0xc3, 0xfa, 0xd5, 0xc7, 0xd8, 0xc8, 0xe0, 0xad, 0xbb, 0x49,
  0xe7, 0x5a, 0xb0, 0xff, 0x00, 0xb6, 0x4c, 0x84, 0x57, 0xf7, 0x03, 0x5f,
  0xcc, 0x0f, 0xfc, 0x16, 0x63, 0xe1, 0x9f, 0xfc, 0x22, 0xff, 0x00, 0xb4,
  0x66, 0x89, 0xf1, 0x12, 0xd6, 0x2d, 0xb6, 0xde, 0x35, 0xd2, 0x23, 0xf3,
  0x18, 0x0c, 0x06, 0xbb, 0xd3, 0x9b, 0xc8, 0x93, 0xff, 0x00, 0x21, 0x18,
  0x68, 0x03, 0xfa, 0x27, 0xf8, 0x13, 0xf1, 0x12, 0x0f, 0x8b, 0x5f, 0x06,
  0x7c, 0x15, 0xf1, 0x2a, 0x07, 0x0e, 0x7c, 0x45, 0xa4, 0x59, 0xde, 0x49,
  0x8f, 0xe1, 0x9a, 0x48, 0x87, 0x9c, 0xbf, 0x55, 0x93, 0x72, 0x9f, 0xa5,
  0x7a, 0xbd, 0x7e, 0x51, 0xff, 0x00, 0xc1, 0x1e, 0xfe, 0x26, 0x7f, 0xc2,
  0x65, 0xfb, 0x2d, 0x4b, 0xe0, 0xab, 0x99, 0x77, 0xdd, 0xf8, 0x1b, 0x55,
  0xb9, 0xb3, 0x0a, 0x4e, 0x48, 0xb5, 0xbb, 0xc5, 0xd4, 0x47, 0xe9, 0xbd,
  0xe5, 0x51, 0xfe, 0xed, 0x7e, 0xae, 0x50, 0x07, 0xff, 0xd1, 0xfc, 0x2b,
  0x78, 0xee, 0x2c, 0x3c, 0x74, 0xd1, 0x78, 0x8c, 0x15, 0x9e, 0xdf, 0x52,
  0x22, 0xf0, 0x3f, 0x50, 0xe9, 0x37, 0xef, 0x73, 0x9f, 0x70, 0x73, 0x5f,
  0xde, 0x4d, 0xac, 0x90, 0x4b, 0x6b, 0x0c, 0xb6, 0xa4, 0x18, 0x5d, 0x14,
  0xa6, 0x3a, 0x6d, 0x23, 0x8c, 0x7e, 0x15, 0xfc, 0x75, 0xff, 0x00, 0xc1,
  0x45, 0x3e, 0x0e, 0xde, 0x7c, 0x1a, 0xfd, 0xac, 0x7c, 0x6b, 0x60, 0x6d,
  0xcc, 0x5a, 0x5f, 0x89, 0x6e, 0x5b, 0x5d, 0xd3, 0xdf, 0x18, 0x57, 0x87,
  0x50, 0x63, 0x24, 0x81, 0x7f, 0xeb, 0x9c, 0xde, 0x64, 0x7f, 0xf0, 0x1a,
  0xfe, 0x89, 0xff, 0x00, 0xe0, 0x9d, 0x7f, 0xb4, 0x96, 0x95, 0xfb, 0x42,
  0xfe, 0xce, 0xba, 0x1c, 0x77, 0x17, 0x6a, 0xfe, 0x2b, 0xf0, 0x74, 0x10,
  0xe9, 0x3a, 0xc4, 0x04, 0xfe, 0xf3, 0x74, 0x09, 0xb2, 0x0b, 0x82, 0x3a,
  0x95, 0x9e, 0x35, 0x0d, 0xbb, 0xa6, 0xf0, 0xeb, 0xfc, 0x34, 0x01, 0xf7,
  0xa5, 0x14, 0x51, 0x40, 0x05, 0x14, 0x51, 0x40, 0x1e, 0x65, 0xf1, 0x7b,
  0xe0, 0xf7, 0xc3, 0xbf, 0x8e, 0xbe, 0x06, 0xbe, 0xf8, 0x75, 0xf1, 0x3f,
  0x48, 0x8f, 0x58, 0xd1, 0x6f, 0xb0, 0x4a, 0x36, 0x56, 0x48, 0x65, 0x5c,
  0xec, 0x9a, 0x19, 0x17, 0xe6, 0x8e, 0x44, 0xcf, 0xca, 0xca, 0x7d, 0x41,
  0xc8, 0x24, 0x1f, 0xc6, 0x4f, 0x16, 0xff, 0x00, 0xc1, 0x0f, 0xf4, 0x4b,
  0x9d, 0x6d, 0xe7, 0xf0, 0x3f, 0xc5, 0x39, 0xec, 0x34, 0x97, 0x62, 0x56,
  0x0d, 0x43, 0x4d, 0x5b, 0x99, 0xe3, 0x5c, 0xf4, 0xf3, 0x62, 0x9a, 0x15,
  0x7f, 0xfb, 0xe1, 0x6b, 0xf7, 0xa2, 0x8a, 0x00, 0xfc, 0x45, 0xf0, 0xe7,
  0xfc, 0x11, 0x17, 0xe1, 0x3d, 0xa8, 0x43, 0xe2, 0xcf, 0x88, 0xfa, 0xd6,
  0xa4, 0x47, 0xde, 0x16, 0x56, 0xd6, 0xd6, 0x60, 0xfd, 0x3c, 0xcf, 0xb4,
  0x11, 0x5e, 0xfd, 0xe1, 0xcf, 0xf8, 0x24, 0x4f, 0xec, 0x6f, 0xa1, 0x94,
  0x6d, 0x4b, 0x4c, 0xd6, 0x35, 0xf2, 0xbd, 0x7e, 0xdb, 0xa9, 0xc8, 0x81,
  0x8f, 0xb8, 0xb5, 0x10, 0x57, 0xe9, 0xe5, 0x14, 0x01, 0xfc, 0xe5, 0x7f,
  0xc1, 0x4e, 0x3f, 0x60, 0x6f, 0x85, 0x1f, 0x04, 0x3e, 0x1b, 0x69, 0x7f,
  0x19, 0xbe, 0x07, 0x69, 0x32, 0xe8, 0xb6, 0x96, 0xb7, 0xb1, 0xd8, 0x6a,
  0xd6, 0x42, 0x79, 0x6e, 0x20, 0xf2, 0xee, 0x01, 0x10, 0xdc, 0x29, 0x99,
  0x9d, 0xd0, 0x89, 0x14, 0x46, 0xc3, 0x76, 0xd3, 0xbd, 0x48, 0x00, 0x83,
  0x94, 0xff, 0x00, 0x82, 0x2a, 0xfc, 0x65, 0x7d, 0x27, 0xc7, 0xbe, 0x31,
  0xf8, 0x19, 0xa9, 0x5c, 0x11, 0x6b, 0xaf, 0xda, 0xae, 0xaf, 0x61, 0x1b,
  0x1e, 0x05, 0xdd, 0x9e, 0x23, 0x9d, 0x54, 0x7f, 0x7a, 0x48, 0x59, 0x58,
  0xfb, 0x45, 0x5f, 0xb9, 0x9f, 0xb4, 0x67, 0xc2, 0xab, 0x6f, 0x8d, 0xdf,
  0x03, 0x7c, 0x6d, 0xf0, 0xb2, 0xe1, 0x41, 0x7f, 0x10, 0x69, 0x93, 0xc3,
  0x6e, 0x5b, 0xa2, 0x5d, 0xa8, 0xf3, 0x2d, 0x9f, 0xfe, 0x03, 0x32, 0xa3,
  0x7e, 0x15, 0xfc, 0x75, 0x7e, 0xce, 0x7f, 0x13, 0xb5, 0x0f, 0xd9, 0xef,
  0xf6, 0x85, 0xf0, 0x7f, 0xc4, 0x4b, 0xa5, 0x7b, 0x63, 0xe1, 0x9d, 0x55,
  0x16, 0xfe, 0x3c, 0x10, 0xff, 0x00, 0x66, 0x66, 0x30, 0x5d, 0xc6, 0x47,
  0xaf, 0x94, 0xce, 0x31, 0xeb, 0x40, 0x1f, 0xdb, 0xfd, 0x15, 0x8d, 0xa0,
  0x78, 0x87, 0x42, 0xf1, 0x56, 0x8d, 0x67, 0xe2, 0x2f, 0x0d, 0x6a, 0x10,
  0x6a, 0x9a, 0x66, 0xa1, 0x1a, 0xcd, 0x6f, 0x73, 0x6d, 0x22, 0xcb, 0x14,
  0xb1, 0xb8, 0xca, 0xb2, 0xb2, 0x92, 0x08, 0x22, 0xb6, 0x32, 0x3d, 0x68,
  0x01, 0x68, 0xa2, 0x8a, 0x00, 0x2b, 0x03, 0xc5, 0x3e, 0x17, 0xf0, 0xf7,
  0x8d, 0xbc, 0x39, 0xa9, 0x78, 0x47, 0xc5, 0x96, 0x11, 0x6a, 0x9a, 0x36,
  0xaf, 0x04, 0x96, 0xd7, 0x76, 0xb3, 0xae, 0xe8, 0xe5, 0x86, 0x41, 0xb5,
  0x95, 0x87, 0xd3, 0xa1, 0x1c, 0x83, 0xc8, 0xc1, 0xad, 0xfa, 0x28, 0x03,
  0xf8, 0xe9, 0xfd, 0xba, 0xbf, 0x63, 0x6f, 0x10, 0xfe, 0xc9, 0x5f, 0x12,
  0xda, 0xde, 0xc9, 0x65, 0xbe, 0xf0, 0x26, 0xbe, 0xef, 0x2e, 0x8b, 0xa8,
  0x30, 0xdc, 0x42, 0x8e, 0x5a, 0xd6, 0x76, 0x03, 0x02, 0x68, 0x81, 0xff,
  0x00, 0x81, 0xae, 0x1c, 0x7f, 0x10, 0x5c, 0x1f, 0x89, 0xdf, 0xb7, 0x1f,
  0xc6, 0xef, 0x8b, 0x3f, 0xb3, 0xf7, 0x86, 0x7f, 0x67, 0xaf, 0x15, 0x5f,
  0xf9, 0xba, 0x4e, 0x83, 0x26, 0x6e, 0x6f, 0x03, 0x31, 0xba, 0xd4, 0xa1,
  0x87, 0x6f, 0xd9, 0x22, 0xb9, 0x63, 0xf7, 0x84, 0x18, 0x3c, 0xff, 0x00,
  0x19, 0xd8, 0xcd, 0x96, 0x4c, 0x9f, 0xdb, 0x3f, 0xf8, 0x2b, 0xc7, 0xed,
  0x07, 0xf0, 0xf7, 0xc2, 0x1f, 0x06, 0x07, 0xc0, 0xab, 0xcb, 0x1b, 0x5d,
  0x77, 0xc5, 0x9e, 0x2e, 0x31, 0xdc, 0x43, 0x0c, 0xc3, 0x71, 0xd3, 0x2d,
  0xe1, 0x7f, 0xf8, 0xfd, 0xe3, 0x95, 0x95, 0x88, 0x31, 0xc5, 0xc8, 0xce,
  0x5c, 0x9c, 0xa8, 0x2a, 0xdf, 0x88, 0x9f, 0xb1, 0x4f, 0xec, 0xa7, 0xaf,
  0xfe, 0xd6, 0x3f, 0x18, 0x2d, 0x3c, 0x25, 0x08, 0x92, 0xd7, 0xc2, 0xfa,
  0x56, 0xcb, 0xbd, 0x76, 0xfd, 0x46, 0x3c, 0x8b, 0x40, 0xdc, 0x46, 0x87,
  0x18, 0xf3, 0xa7, 0x20, 0xa4, 0x63, 0xb7, 0xcc, 0xf8, 0x21, 0x4d, 0x00,
  0x7d, 0xe9, 0xff, 0x00, 0x04, 0x9f, 0xfd, 0x8a, 0x87, 0x8e, 0xf5, 0xf8,
  0x7f, 0x69, 0x8f, 0x89, 0x76, 0x1b, 0xfc, 0x3d, 0xa1, 0x4e, 0x46, 0x81,
  0x6b, 0x32, 0xfc, 0xb7, 0x97, 0xf1, 0x1c, 0x1b, 0xa2, 0xa7, 0xac, 0x56,
  0xed, 0xc2, 0x76, 0x69, 0x46, 0x7f, 0xe5, 0x99, 0x07, 0xfa, 0x48, 0xac,
  0x0f, 0x0b, 0x78, 0x5f, 0x40, 0xf0, 0x4f, 0x86, 0xf4, 0xcf, 0x08, 0x78,
  0x56, 0xc6, 0x3d, 0x37, 0x47, 0xd1, 0xed, 0xe3, 0xb5, 0xb4, 0xb6, 0x84,
  0x6d, 0x48, 0xa1, 0x89, 0x42, 0xa2, 0x81, 0xec, 0x07, 0x53, 0xc9, 0x3c,
  0x9e, 0x6b, 0x7e, 0x80, 0x0a, 0x28, 0xa2, 0x80, 0x29, 0xea, 0x16, 0x36,
  0xba, 0xa5, 0x85, 0xce, 0x99, 0x7a, 0x82, 0x5b, 0x7b, 0xb8, 0x9e, 0x19,
  0x50, 0xf4, 0x64, 0x91, 0x4a, 0xb0, 0x3f, 0x50, 0x6b, 0xf8, 0x63, 0xf1,
  0x1e, 0x9d, 0xac, 0x7c, 0x10, 0xf8, 0xd7, 0xa8, 0xe9, 0x90, 0xe6, 0x3d,
  0x4f, 0xc0, 0x9a, 0xfc, 0xb1, 0xc6, 0x4f, 0x07, 0xcd, 0xd3, 0x6e, 0x8e,
  0xc3, 0xf8, 0x98, 0xc1, 0xaf, 0xee, 0xa2, 0xbf, 0x90, 0xdf, 0xf8, 0x2a,
  0x37, 0x80, 0x3f, 0xe1, 0x03, 0xfd, 0xb2, 0xfc, 0x61, 0x2c, 0x31, 0xf9,
  0x76, 0xbe, 0x26, 0x8e, 0xd3, 0x59, 0x8b, 0x8c, 0x02, 0x6e, 0x62, 0x09,
  0x31, 0x1f, 0x59, 0xe3, 0x90, 0xd0, 0x07, 0xf5, 0xab, 0xe1, 0x6f, 0x10,
  0x59, 0x78, 0xb3, 0xc3, 0x3a, 0x47, 0x8a, 0x74, 0xd6, 0xdd, 0x67, 0xac,
  0xd9, 0xdb, 0xde, 0xc2, 0x41, 0xce, 0x63, 0xb8, 0x8d, 0x64, 0x43, 0xf9,
  0x30, 0xaf, 0xca, 0x8f, 0xf8, 0x2c, 0x9f, 0xc3, 0x4f, 0xf8, 0x4a, 0xbf,
  0x66, 0xbd, 0x2b, 0xc7, 0xf6, 0xb1, 0x6f, 0xba, 0xf0, 0x4e, 0xb1, 0x0c,
  0x92, 0x30, 0x19, 0x2b, 0x69, 0x7e, 0x3e, 0xcf, 0x27, 0xd0, 0x19, 0x7c,
  0x9f, 0xca, 0xbe, 0x94, 0xff, 0x00, 0x82, 0x71, 0xf8, 0xfc, 0x7c, 0x44,
  0xfd, 0x8d, 0xfe, 0x1d, 0xdf, 0xc9, 0x27, 0x99, 0x73, 0xa3, 0xda, 0x49,
  0xa4, 0x4d, 0x93, 0x92, 0x1b, 0x4e, 0x95, 0xa0, 0x40, 0x7e, 0xb1, 0x2a,
  0x1f, 0xc6, 0xbd, 0xcf, 0xf6, 0x91, 0xf8, 0x6e, 0x9f, 0x17, 0xbe, 0x02,
  0x78, 0xf7, 0xe1, 0xb9, 0x4f, 0x32, 0x5d, 0x77, 0x47, 0xbb, 0x86, 0xdc,
  0x7a, 0x5c, 0xaa, 0x17, 0xb7, 0x3f, 0x84, 0xaa, 0x87, 0xf0, 0xa0, 0x0f,
  0xc0, 0x6f, 0xf8, 0x22, 0xdf, 0xc4, 0xb3, 0xe1, 0xff, 0x00, 0x8e, 0xde,
  0x2a, 0xf8, 0x65, 0x73, 0x29, 0x5b, 0x6f, 0x17, 0x69, 0x1f, 0x68, 0x85,
  0x09, 0xe1, 0xae, 0xf4, 0xd7, 0xdc, 0xa0, 0x0f, 0x5f, 0x26, 0x59, 0x4f,
  0xe1, 0x5f, 0xd3, 0x35, 0x7f, 0x12, 0x5f, 0xb2, 0x4f, 0xc4, 0x89, 0x3e,
  0x0e, 0x7e, 0xd3, 0x5f, 0x0f, 0x3c, 0x75, 0x70, 0xe6, 0xde, 0x0d, 0x37,
  0x58, 0x82, 0x1b, 0xc2, 0x7e, 0x5d, 0xb6, 0xb7, 0x2d, 0xf6, 0x6b, 0x9c,
  0xfd, 0x22, 0x91, 0xba, 0xd7, 0xf6, 0xdb, 0x40, 0x1f, 0xff, 0xd2, 0xfb,
  0xeb, 0xfe, 0x0a, 0x11, 0xfb, 0x1b, 0xc3, 0xfb, 0x57, 0xfc, 0x2d, 0x8e,
  0x6f, 0x0c, 0xac, 0x70, 0x78, 0xf7, 0xc2, 0xa2, 0x59, 0xf4, 0x89, 0x5c,
  0x85, 0x5b, 0x94, 0x70, 0x0c, 0xb6, 0x72, 0x39, 0xe8, 0xb2, 0xed, 0x05,
  0x18, 0xf0, 0xae, 0x06, 0x70, 0xa5, 0xab, 0xf9, 0x87, 0xf8, 0x4f, 0xf1,
  0x73, 0xe3, 0x47, 0xec, 0x87, 0xf1, 0x6e, 0x5d, 0x7b, 0xc2, 0xed, 0x3f,
  0x87, 0xbc, 0x49, 0xa3, 0xc8, 0xf6, 0x7a, 0x8e, 0x9d, 0x79, 0x1b, 0x08,
  0xe6, 0x45, 0x6f, 0xde, 0x5b, 0x5d, 0x42, 0x71, 0x95, 0x24, 0x7b, 0x10,
  0x70, 0xca, 0x41, 0xc1, 0xaf, 0xed, 0xea, 0xbe, 0x29, 0xfd, 0xab, 0xbf,
  0x61, 0x2f, 0x82, 0xdf, 0xb5, 0x75, 0x83, 0xdf, 0xf8, 0x8a, 0xd4, 0xe8,
  0x5e, 0x30, 0x8a, 0x21, 0x1d, 0xb6, 0xbb, 0x64, 0x8a, 0x2e, 0x00, 0x5f,
  0xba, 0x97, 0x08, 0x70, 0xb7, 0x11, 0x8e, 0x9b, 0x5b, 0x0c, 0x07, 0xdc,
  0x65, 0xa0, 0x0e, 0x07, 0xf6, 0x4a, 0xff, 0x00, 0x82, 0x90, 0xfc, 0x18,
  0xfd, 0xa6, 0x23, 0xb4, 0xf0, 0xc6, 0xaf, 0x2a, 0x78, 0x2f, 0xc7, 0x92,
  0x05, 0x53, 0xa5, 0xde, 0x4a, 0x3c, 0x9b, 0xa9, 0x31, 0xc9, 0xb2, 0x9c,
  0xe0, 0x49, 0x93, 0xd2, 0x36, 0xdb, 0x27, 0xa0, 0x60, 0x37, 0x57, 0xe8,
  0xa5, 0x7f, 0x17, 0xbf, 0xb4, 0xd7, 0xec, 0x5f, 0xf1, 0xcb, 0xf6, 0x50,
  0xd6, 0xb7, 0xf8, 0xcf, 0x4e, 0x37, 0x9a, 0x03, 0xca, 0x05, 0x9e, 0xbd,
  0x60, 0x19, 0xec, 0xa5, 0x39, 0xf9, 0x03, 0x36, 0x03, 0x41, 0x2f, 0xfb,
  0x12, 0x60, 0xe7, 0xee, 0x96, 0x1c, 0xd7, 0xd7, 0xdf, 0xb2, 0x37, 0xfc,
  0x15, 0x7b, 0xe2, 0x57, 0xc2, 0x1f, 0xb1, 0x78, 0x23, 0xe3, 0x90, 0xb8,
  0xf1, 0xcf, 0x84, 0x63, 0xdb, 0x14, 0x77, 0xa5, 0xb7, 0x6a, 0xf6, 0x51,
  0x8e, 0x38, 0x91, 0xc8, 0x17, 0x28, 0xa3, 0xf8, 0x64, 0x21, 0xfd, 0x1f,
  0x00, 0x2d, 0x00, 0x7f, 0x50, 0x94, 0x57, 0x98, 0x7c, 0x25, 0xf8, 0xcd,
  0xf0, 0xcb, 0xe3, 0x9f, 0x84, 0xa0, 0xf1, 0xb7, 0xc2, 0xcd, 0x7e, 0xdf,
  0x5e, 0xd2, 0xa6, 0xc0, 0x66, 0x85, 0xb1, 0x24, 0x2e, 0x46, 0x7c, 0xb9,
  0xe2, 0x6c, 0x3c, 0x52, 0x0e, 0xea, 0xe0, 0x1e, 0xfd, 0x39, 0xaf, 0x4f,
  0xa0, 0x02, 0x8a, 0x28, 0xa0, 0x02, 0x8a, 0x28, 0xa0, 0x02, 0xbf, 0x9d,
  0x1f, 0xf8, 0x28, 0x77, 0xfc, 0x13, 0x5b, 0xe2, 0x0f, 0xfc, 0x2c, 0x0d,
  0x63, 0xe3, 0x87, 0xec, 0xfd, 0xa3, 0xbf, 0x88, 0x34, 0x8f, 0x10, 0x4a,
  0xf7, 0x9a, 0x9e, 0x8f, 0x68, 0x37, 0x5e, 0x5a, 0x5d, 0xc8, 0x77, 0x4d,
  0x2c, 0x11, 0x75, 0x96, 0x29, 0x58, 0x97, 0x2a, 0x99, 0x74, 0x62, 0x40,
  0x5d, 0xb8, 0xc7, 0xf4, 0x5d, 0x45, 0x00, 0x7f, 0x09, 0x52, 0x78, 0x0f,
  0xe2, 0xee, 0x8f, 0x23, 0xe9, 0xd3, 0x78, 0x77, 0x5c, 0xb1, 0x92, 0x12,
  0x43, 0x42, 0xd6, 0x97, 0x51, 0x14, 0x6e, 0xe0, 0xa9, 0x51, 0x83, 0xf8,
  0x53, 0x3f, 0xe1, 0x16, 0xf8, 0xb3, 0xff, 0x00, 0x40, 0x7d, 0x6f, 0xff,
  0x00, 0x01, 0xee, 0x7f, 0xf8, 0x9a, 0xfe, 0xee, 0x28, 0xa0, 0x0f, 0xe2,
  0x0b, 0xe1, 0x9f, 0xed, 0x09, 0xfb, 0x41, 0x7e, 0xcf, 0x3e, 0x28, 0x8b,
  0x52, 0xf0, 0x4f, 0x89, 0xf5, 0x5d, 0x02, 0xf2, 0xd5, 0xd5, 0xa5, 0xb2,
  0x9d, 0xe4, 0x36, 0xd2, 0x8e, 0x0e, 0xc9, 0xed, 0x66, 0xca, 0x3a, 0xb0,
  0xfe, 0xf2, 0xe7, 0xb8, 0x20, 0xf3, 0x5f, 0xd5, 0xbf, 0xec, 0x5d, 0xfb,
  0x5e, 0xf8, 0x4f, 0xf6, 0xb8, 0xf8, 0x64, 0x9e, 0x21, 0xb3, 0x11, 0xe9,
  0xbe, 0x2b, 0xd2, 0x02, 0x43, 0xad, 0xe9, 0x61, 0xb2, 0x60, 0x98, 0x8f,
  0x96, 0x58, 0xb2, 0x72, 0xd0, 0x4b, 0x82, 0x50, 0x9c, 0x90, 0x72, 0x84,
  0xe5, 0x49, 0x3c, 0x1f, 0xed, 0xf3, 0xfb, 0x13, 0x68, 0x7f, 0xb5, 0x77,
  0xc3, 0xd7, 0xd4, 0x7c, 0x3d, 0x0c, 0x16, 0x3f, 0x11, 0x74, 0x08, 0xde,
  0x4d, 0x2a, 0xf0, 0x80, 0x9f, 0x6a, 0x50, 0x32, 0xd6, 0x57, 0x0f, 0xde,
  0x37, 0xfe, 0x06, 0x3f, 0xea, 0xdf, 0x9f, 0xba, 0x5c, 0x1f, 0xe6, 0x33,
  0xe0, 0xb7, 0xc6, 0x1f, 0x8a, 0x9f, 0xb2, 0x1f, 0xc6, 0xb8, 0xbc, 0x59,
  0xa2, 0x45, 0x2e, 0x9b, 0xae, 0x68, 0x17, 0x0f, 0x67, 0xaa, 0x69, 0x97,
  0x41, 0xa3, 0x5b, 0x88, 0x95, 0xf6, 0xdc, 0x5a, 0x5c, 0x27, 0x5c, 0x12,
  0xbd, 0x71, 0x95, 0x60, 0x18, 0x72, 0x05, 0x00, 0x7f, 0x6e, 0xb5, 0xe1,
  0x1f, 0xb4, 0x8f, 0xc7, 0xff, 0x00, 0x07, 0x7e, 0xcd, 0x1f, 0x09, 0x75,
  0x8f, 0x8a, 0x7e, 0x31, 0x70, 0xe9, 0x64, 0xbe, 0x55, 0x95, 0xa0, 0x60,
  0xb2, 0xde, 0xde, 0xc8, 0x0f, 0x93, 0x6f, 0x1f, 0xbb, 0x11, 0x96, 0x38,
  0x3b, 0x50, 0x33, 0x1e, 0x05, 0x3f, 0xe0, 0xc7, 0xed, 0x11, 0xf0, 0xcf,
  0xe3, 0x7f, 0xc1, 0xfb, 0x5f, 0x8d, 0x5e, 0x17, 0xd4, 0xa3, 0xb7, 0xd0,
  0x8d, 0xbb, 0xcb, 0x7d, 0xf6, 0x87, 0x54, 0x6d, 0x3a, 0x48, 0x17, 0x75,
  0xc4, 0x57, 0x3c, 0xe1, 0x1a, 0x21, 0xc9, 0x3d, 0x0a, 0xe1, 0x87, 0xca,
  0x41, 0xaf, 0xe5, 0xa3, 0xf6, 0xfc, 0xfd, 0xb0, 0x35, 0x2f, 0xda, 0xb7,
  0xe2, 0xd4, 0x92, 0xe8, 0xd3, 0x4b, 0x0f, 0x80, 0xfc, 0x34, 0xd2, 0x5b,
  0x68, 0x96, 0xcd, 0x95, 0x12, 0x82, 0x71, 0x25, 0xe4, 0x8b, 0xff, 0x00,
  0x3d, 0x26, 0xc0, 0xc0, 0x3c, 0xaa, 0x05, 0x5e, 0xbb, 0x89, 0x00, 0xf0,
  0x3d, 0x7f, 0x5c, 0xf8, 0xb5, 0xfb, 0x5c, 0x7c, 0x76, 0x7d, 0x42, 0xe1,
  0x64, 0xd7, 0xbc, 0x6b, 0xe3, 0xad, 0x41, 0x63, 0x86, 0x18, 0xf3, 0xb5,
  0x4b, 0x9d, 0xb1, 0xc4, 0x80, 0xf1, 0x1c, 0x30, 0xa0, 0xc0, 0xcf, 0x0a,
  0x8b, 0x92, 0x78, 0x26, 0xbf, 0xae, 0x8f, 0xd9, 0x1f, 0xf6, 0x64, 0xf0,
  0xb7, 0xec, 0xab, 0xf0, 0x7f, 0x4e, 0xf8, 0x79, 0xa2, 0x6c, 0xba, 0xd5,
  0x66, 0xc5, 0xd6, 0xb1, 0xa8, 0x05, 0xc3, 0x5e, 0x5f, 0x3a, 0x80, 0xed,
  0xcf, 0x22, 0x34, 0xfb, 0x91, 0x29, 0xe8, 0xa3, 0x9f, 0x98, 0xb1, 0x3f,
  0x0d, 0x7f, 0xc1, 0x2b, 0xbf, 0x62, 0xc3, 0xf0, 0x7f, 0xc1, 0xc9, 0xf1,
  0xef, 0xe2, 0x3d, 0x8e, 0xcf, 0x19, 0xf8, 0xaa, 0xd8, 0x7f, 0x67, 0x5b,
  0xcc, 0xb8, 0x7d, 0x37, 0x4d, 0x94, 0x02, 0x09, 0x07, 0x95, 0x9a, 0xe0,
  0x60, 0xb7, 0x75, 0x8f, 0x0b, 0xc1, 0x67, 0x15, 0xfb, 0x09, 0x40, 0x05,
  0x14, 0x51, 0x40, 0x05, 0x14, 0x51, 0x40, 0x05, 0x7f, 0x3d, 0xbf, 0xf0,
  0x5b, 0xdf, 0x87, 0xe6, 0x2d, 0x67, 0xe1, 0x9f, 0xc5, 0x2b, 0x78, 0xf8,
  0xb9, 0x82, 0xf7, 0x47, 0xb8, 0x70, 0x3b, 0xc2, 0xcb, 0x71, 0x00, 0x27,
  0xdc, 0x49, 0x2e, 0x3e, 0x95, 0xfd, 0x09, 0x57, 0xe6, 0x6f, 0xfc, 0x15,
  0xa7, 0xe1, 0xff, 0x00, 0xfc, 0x26, 0x9f, 0xb1, 0xf6, 0xaf, 0xad, 0x43,
  0x0f, 0x99, 0x73, 0xe0, 0xfd, 0x46, 0xc7, 0x55, 0x42, 0x07, 0xcc, 0x10,
  0xb9, 0xb5, 0x97, 0xf0, 0x09, 0x39, 0x63, 0xf4, 0xa0, 0x0f, 0x9c, 0xbf,
  0xe0, 0x89, 0x5f, 0x10, 0x3f, 0xb4, 0x7e, 0x19, 0x7c, 0x41, 0xf8, 0x65,
  0x3c, 0xb9, 0x7d, 0x0f, 0x54, 0xb7, 0xd4, 0xe1, 0x42, 0x79, 0x11, 0xdf,
  0xc5, 0xe5, 0x36, 0x3d, 0x83, 0x5b, 0xe4, 0xfb, 0xb5, 0x7e, 0xdf, 0xd7,
  0xf2, 0xc1, 0xff, 0x00, 0x04, 0x77, 0xf8, 0x80, 0x7c, 0x2d, 0xfb, 0x55,
  0xcd, 0xe1, 0x19, 0xa4, 0xdb, 0x6f, 0xe3, 0x2d, 0x16, 0xee, 0xd0, 0x29,
  0x38, 0x06, 0x7b, 0x52, 0xb7, 0x68, 0x7e, 0xa1, 0x22, 0x90, 0x7e, 0x35,
  0xfd, 0x4f, 0xd0, 0x07, 0xf1, 0x4b, 0xfb, 0x68, 0xfc, 0x34, 0x3f, 0x08,
  0x7f, 0x6a, 0x6f, 0x88, 0xde, 0x0b, 0x82, 0x23, 0x05, 0xac, 0x3a, 0xb4,
  0xd7, 0x96, 0x80, 0x0c, 0x01, 0x6d, 0x7d, 0x8b, 0xa8, 0x42, 0xfb, 0x2a,
  0x4a, 0x17, 0xf0, 0xaf, 0xeb, 0x6b, 0xf6, 0x56, 0xf8, 0x94, 0x3e, 0x2f,
  0x7e, 0xce, 0x7f, 0x0f, 0x7e, 0x21, 0xb4, 0x9e, 0x6d, 0xc6, 0xab, 0xa3,
  0xdb, 0x7d, 0xa5, 0xb3, 0x9f, 0xf4, 0xb8, 0x17, 0xc9, 0xb8, 0xff, 0x00,
  0xc8, 0xa8, 0xf5, 0xf8, 0x5f, 0xff, 0x00, 0x05, 0xac, 0xf8, 0x67, 0xfd,
  0x89, 0xf1, 0x7f, 0xc1, 0x7f, 0x15, 0x6d, 0x21, 0x2b, 0x07, 0x89, 0xf4,
  0xb9, 0x2c, 0x2e, 0x18, 0x0e, 0x0d, 0xce, 0x9b, 0x26, 0x41, 0x27, 0xd5,
  0xa2, 0x9d, 0x00, 0xf6, 0x4a, 0xfb, 0x1b, 0xfe, 0x08, 0xc3, 0xf1, 0x2f,
  0xfe, 0x12, 0x5f, 0xd9, 0xf7, 0xc4, 0x5f, 0x0d, 0xae, 0xa4, 0xdd, 0x71,
  0xe0, 0xcd, 0x5d, 0xa4, 0x89, 0x73, 0xf7, 0x6d, 0x35, 0x25, 0xf3, 0x50,
  0x01, 0xff, 0x00, 0x5d, 0x92, 0x63, 0xf8, 0xd0, 0x07, 0xff, 0xd3, 0xfd,
  0xfc, 0xa2, 0x8a, 0x28, 0x03, 0x2f, 0x5b, 0xd0, 0xf4, 0x6f, 0x12, 0xe9,
  0x37, 0x7a, 0x07, 0x88, 0xac, 0x60, 0xd4, 0xf4, 0xcb, 0xf8, 0xda, 0x2b,
  0x8b, 0x6b, 0x98, 0xd6, 0x58, 0x65, 0x8d, 0xba, 0xab, 0xa3, 0x82, 0xac,
  0x0f, 0xa1, 0x15, 0xf8, 0x59, 0xfb, 0x5c, 0xff, 0x00, 0xc1, 0x20, 0xac,
  0x75, 0x0f, 0xb6, 0xf8, 0xef, 0xf6, 0x58, 0x91, 0x6c, 0xee, 0x4e, 0xe9,
  0x65, 0xf0, 0xd5, 0xd4, 0xbf, 0xb9, 0x73, 0xd4, 0x8b, 0x29, 0xdc, 0xfc,
  0x87, 0xd2, 0x39, 0x4e, 0xdf, 0x47, 0x51, 0x85, 0xaf, 0xde, 0x7a, 0x28,
  0x03, 0xf8, 0x78, 0xf0, 0x6f, 0x8f, 0x7e, 0x3c, 0x7e, 0xc9, 0xbf, 0x13,
  0x67, 0xba, 0xf0, 0xed, 0xd6, 0xa3, 0xe0, 0x6f, 0x16, 0x69, 0x52, 0x79,
  0x37, 0x76, 0xb3, 0x46, 0xd1, 0x97, 0x0a, 0x72, 0x62, 0xb8, 0xb7, 0x94,
  0x6c, 0x96, 0x33, 0xd4, 0x06, 0x52, 0x0f, 0x55, 0xec, 0x6b, 0xf6, 0xc3,
  0xe0, 0x67, 0xfc, 0x16, 0x9f, 0xc2, 0x97, 0xd6, 0x96, 0xfa, 0x4f, 0xed,
  0x07, 0xe1, 0x39, 0xf4, 0xbb, 0xe5, 0x01, 0x5f, 0x53, 0xd1, 0x07, 0x9f,
  0x6d, 0x21, 0xc7, 0xde, 0x7b, 0x59, 0x18, 0x49, 0x1f, 0xbe, 0xc7, 0x93,
  0xd8, 0x0e, 0x95, 0xfa, 0xa9, 0xf1, 0xe3, 0xf6, 0x5b, 0xf8, 0x1f, 0xfb,
  0x49, 0x69, 0x0b, 0xa6, 0x7c, 0x58, 0xf0, 0xd4, 0x3a, 0x8d, 0xc4, 0x28,
  0x56, 0xde, 0xfe, 0x2f, 0xdc, 0x5f, 0xdb, 0x67, 0xfe, 0x79, 0x5c, 0x26,
  0x1b, 0x19, 0xe7, 0x63, 0x6e, 0x42, 0x7a, 0xa9, 0xaf, 0xc6, 0x4f, 0x8b,
  0x5f, 0xf0, 0x44, 0xcf, 0x13, 0xdb, 0x5c, 0x4f, 0x7d, 0xf0, 0x47, 0xc7,
  0xb6, 0xd7, 0xd6, 0xc7, 0x26, 0x3b, 0x2d, 0x76, 0x36, 0x82, 0x65, 0x1d,
  0x97, 0xed, 0x36, 0xeb, 0x22, 0x39, 0xf7, 0x31, 0x25, 0x00, 0x7e, 0xa2,
  0xf8, 0x7b, 0xfe, 0x0a, 0x31, 0xfb, 0x17, 0x78, 0x92, 0xd5, 0x2e, 0xad,
  0x7e, 0x27, 0xd8, 0x5a, 0x16, 0x19, 0x31, 0xde, 0xc5, 0x71, 0x68, 0xeb,
  0xec, 0x44, 0xd1, 0x2f, 0xe8, 0x4d, 0x74, 0xbf, 0xf0, 0xdd, 0xdf, 0xb1,
  0xe7, 0xfd, 0x15, 0xad, 0x07, 0xff, 0x00, 0x02, 0x7f, 0xfa, 0xd5, 0xfc,
  0xe6, 0xeb, 0x5f, 0xf0, 0x4a, 0x9f, 0xdb, 0x67, 0x49, 0x99, 0xa2, 0xb6,
  0xf0, 0x65, 0xb6, 0xa8, 0xa3, 0x38, 0x7b, 0x5d, 0x52, 0xcb, 0x69, 0xf7,
  0x1e, 0x6c, 0xb1, 0xb7, 0xe6, 0x05, 0x60, 0x7f, 0xc3, 0xb0, 0xff, 0x00,
  0x6e, 0x2f, 0xfa, 0x26, 0xaf, 0xff, 0x00, 0x83, 0x3d, 0x33, 0xff, 0x00,
  0x92, 0xa8, 0x03, 0xfa, 0x5a, 0xb5, 0xfd, 0xb8, 0xff, 0x00, 0x64, 0x2b,
  0xc9, 0x56, 0x18, 0x7e, 0x2d, 0xf8, 0x78, 0x33, 0x1c, 0x0d, 0xf7, 0xa9,
  0x18, 0xfc, 0xdf, 0x03, 0xf5, 0xaf, 0x7a, 0xf0, 0x97, 0xc4, 0x4f, 0x00,
  0x78, 0xfa, 0xdb, 0xed, 0x9e, 0x06, 0xf1, 0x2e, 0x9b, 0xe2, 0x18, 0x31,
  0x9d, 0xfa, 0x7d, 0xe4, 0x37, 0x4a, 0x07, 0xb9, 0x89, 0x9a, 0xbf, 0x91,
  0xdd, 0x43, 0xfe, 0x09, 0xa7, 0xfb, 0x6e, 0xe9, 0xb0, 0x35, 0xc4, 0xff,
  0x00, 0x0c, 0x6e, 0x64, 0x55, 0xe4, 0x88, 0x6f, 0xac, 0x26, 0x6f, 0xc1,
  0x63, 0xb9, 0x66, 0x3f, 0x80, 0xaf, 0x9d, 0xbc, 0x53, 0xf0, 0xcf, 0xe3,
  0xaf, 0xc0, 0x6d, 0x5e, 0x1b, 0xef, 0x15, 0xf8, 0x77, 0x5d, 0xf0, 0x35,
  0xfc, 0x4d, 0xfb, 0x9b, 0x99, 0x60, 0xb8, 0xb2, 0x3b, 0xbb, 0x79, 0x53,
  0x80, 0xa0, 0xfd, 0x55, 0xa8, 0x03, 0xfb, 0x9c, 0xa2, 0xbf, 0x95, 0x4f,
  0xd9, 0xdf, 0xfe, 0x0a, 0xcb, 0xfb, 0x41, 0xfc, 0x25, 0x9a, 0xdf, 0x47,
  0xf8, 0x98, 0xe3, 0xe2, 0x47, 0x87, 0x54, 0x85, 0x61, 0x7c, 0xfe, 0x5e,
  0xa5, 0x12, 0x71, 0x93, 0x1d, 0xd8, 0x04, 0xb9, 0xc7, 0x69, 0x95, 0xf3,
  0xd3, 0x72, 0xd7, 0xef, 0x5f, 0xec, 0xf9, 0xfb, 0x74, 0x7e, 0xce, 0x5f,
  0xb4, 0x85, 0xb4, 0x10, 0x78, 0x33, 0xc4, 0xb1, 0xe9, 0xba, 0xfc, 0x80,
  0x6f, 0xd1, 0xb5, 0x42, 0xb6, 0x97, 0xea, 0xdc, 0x64, 0x22, 0xb3, 0x14,
  0x98, 0x73, 0xd6, 0x26, 0x7f, 0x7c, 0x74, 0xa0, 0x0f, 0xb0, 0x28, 0xa2,
  0x8a, 0x00, 0x2b, 0xf1, 0xaf, 0xfe, 0x0a, 0x7d, 0xfb, 0x07, 0x2f, 0xc5,
  0xbd, 0x12, 0xeb, 0xf6, 0x81, 0xf8, 0x4b, 0xa7, 0xe7, 0xc6, 0xba, 0x3c,
  0x1b, 0xb5, 0x6b, 0x28, 0x17, 0xe6, 0xd5, 0x6c, 0xe1, 0x5f, 0xf5, 0x88,
  0xa3, 0xad, 0xcc, 0x2a, 0x38, 0xef, 0x22, 0x0d, 0xbc, 0xb2, 0xa8, 0x3f,
  0xac, 0xde, 0x35, 0xf1, 0xf7, 0x82, 0x3e, 0x1b, 0xe8, 0x73, 0x78, 0x9b,
  0xc7, 0xfa, 0xf5, 0x97, 0x87, 0xb4, 0xa8, 0x01, 0x2f, 0x73, 0x7d, 0x3a,
  0x5b, 0xc7, 0xc0, 0xce, 0x01, 0x72, 0x32, 0x7d, 0x00, 0xc9, 0x3d, 0x85,
  0x7e, 0x0c, 0xfe, 0xda, 0x1f, 0xf0, 0x56, 0xc5, 0xd6, 0xf4, 0xfb, 0xff,
  0x00, 0x86, 0x9f, 0xb2, 0xd3, 0xcd, 0x6d, 0x05, 0xc0, 0x78, 0x6e, 0xfc,
  0x4d, 0x2a, 0xb4, 0x32, 0xb2, 0x1e, 0x0a, 0xd8, 0x46, 0xd8, 0x74, 0xcf,
  0xfc, 0xf6, 0x70, 0x18, 0x7f, 0x02, 0x83, 0x87, 0xa0, 0x0f, 0xc5, 0xbf,
  0x0d, 0xfc, 0x56, 0xf8, 0x8d, 0xe0, 0xdf, 0x07, 0x78, 0x9f, 0xe1, 0xdf,
  0x86, 0xf5, 0xdb, 0xad, 0x3b, 0xc3, 0xde, 0x2f, 0x58, 0x63, 0xd5, 0xac,
  0xa3, 0x6c, 0x47, 0x72, 0x2d, 0xdf, 0x7a, 0x6e, 0x07, 0x90, 0x41, 0xe0,
  0xed, 0xc6, 0xe5, 0xca, 0xb6, 0x57, 0x8a, 0xfd, 0x22, 0xff, 0x00, 0x82,
  0x5e, 0x7e, 0xc5, 0x87, 0xe3, 0xaf, 0x8f, 0x17, 0xe3, 0x2f, 0xc4, 0x3b,
  0x12, 0xfe, 0x02, 0xf0, 0x8d, 0xc2, 0x98, 0x21, 0x95, 0x7f, 0x77, 0xa9,
  0xea, 0x51, 0xe1, 0x96, 0x2c, 0x1e, 0x1a, 0x18, 0x78, 0x79, 0x7b, 0x31,
  0xda, 0x9c, 0x82, 0xd8, 0xf9, 0x5b, 0xf6, 0x42, 0xfd, 0x91, 0x3e, 0x21,
  0x7e, 0xd7, 0x3f, 0x11, 0x53, 0x44, 0xd1, 0xd6, 0x5b, 0x1f, 0x0d, 0x58,
  0xca, 0xb2, 0x6b, 0x5a, 0xd3, 0xa9, 0x68, 0xed, 0xa2, 0x63, 0x92, 0x88,
  0x4f, 0x0f, 0x71, 0x20, 0xce, 0xc4, 0xff, 0x00, 0x81, 0x36, 0x14, 0x13,
  0x5f, 0xd8, 0x47, 0xc3, 0x6f, 0x87, 0x5e, 0x11, 0xf8, 0x4b, 0xe0, 0x6d,
  0x1b, 0xe1, 0xcf, 0x81, 0x2c, 0x57, 0x4e, 0xd0, 0xf4, 0x2b, 0x75, 0xb7,
  0xb6, 0x85, 0x79, 0x3b, 0x57, 0x96, 0x77, 0x3f, 0xc4, 0xee, 0xc4, 0xb3,
  0xb1, 0xe5, 0x98, 0x92, 0x7a, 0xd0, 0x07, 0x6e, 0x00, 0x03, 0x02, 0x8a,
  0x28, 0xa0, 0x02, 0x8a, 0x28, 0xa0, 0x02, 0x8a, 0x28, 0xa0, 0x02, 0xbc,
  0xa3, 0xe3, 0xbf, 0x81, 0x13, 0xe2, 0x7f, 0xc1, 0x6f, 0x1c, 0xfc, 0x3d,
  0x64, 0xf3, 0x1b, 0xc4, 0x1a, 0x2d, 0xf5, 0x9c, 0x63, 0xd2, 0x59, 0x61,
  0x61, 0x11, 0xfa, 0x87, 0xda, 0x47, 0xd2, 0xbd, 0x5e, 0x8a, 0x00, 0xfe,
  0x21, 0xbf, 0x65, 0x9f, 0x1d, 0xc9, 0xf0, 0xa3, 0xf6, 0x94, 0xf8, 0x75,
  0xe3, 0x5b, 0x83, 0xe4, 0x47, 0xa4, 0xeb, 0xb6, 0x8b, 0x73, 0xbb, 0xe5,
  0xdb, 0x6f, 0x2c, 0x82, 0x0b, 0x80, 0x7d, 0x3f, 0x76, 0xed, 0x9a, 0xfe,
  0xde, 0x6b, 0xf8, 0x90, 0xfd, 0xad, 0xfc, 0x04, 0xdf, 0x0b, 0x3f, 0x69,
  0xcf, 0x89, 0x3e, 0x0c, 0x85, 0x0c, 0x11, 0x69, 0xfa, 0xe5, 0xd4, 0xb6,
  0xc3, 0xa6, 0xdb, 0x7b, 0x97, 0xfb, 0x44, 0x18, 0xff, 0x00, 0xb6, 0x72,
  0x2e, 0x2b, 0xfb, 0x0d, 0xfd, 0x9e, 0xbc, 0x7a, 0x9f, 0x14, 0x7e, 0x05,
  0xf8, 0x0b, 0xe2, 0x08, 0x7f, 0x32, 0x4d, 0x77, 0x45, 0xb1, 0xb9, 0x98,
  0xff, 0x00, 0xd3, 0x76, 0x85, 0x44, 0xc3, 0xf0, 0x90, 0x30, 0xfc, 0x28,
  0x03, 0xe1, 0xbf, 0xf8, 0x2b, 0xaf, 0xc3, 0x43, 0xe3, 0x8f, 0xd9, 0x32,
  0xe7, 0xc5, 0x36, 0xd0, 0xf9, 0x97, 0x7e, 0x08, 0xd4, 0xed, 0x35, 0x20,
  0x47, 0xde, 0x10, 0x4a, 0x4d, 0xac, 0xc3, 0xe9, 0xfb, 0xe5, 0x73, 0xfe,
  0xed, 0x7e, 0x59, 0x7f, 0xc1, 0x1c, 0xfe, 0x26, 0x7f, 0xc2, 0x23, 0xfb,
  0x4e, 0x5f, 0x78, 0x12, 0xea, 0x50, 0x96, 0xbe, 0x38, 0xd2, 0x27, 0x81,
  0x14, 0x9c, 0x03, 0x77, 0x62, 0x7e, 0xd3, 0x11, 0xfa, 0xf9, 0x6b, 0x30,
  0x1f, 0x5a, 0xfe, 0x92, 0xfe, 0x30, 0xf8, 0x06, 0xd3, 0xe2, 0x9f, 0xc2,
  0x9f, 0x17, 0xfc, 0x38, 0xbd, 0x50, 0x62, 0xf1, 0x26, 0x95, 0x79, 0x61,
  0x93, 0xd1, 0x5e, 0x78, 0x99, 0x11, 0xbe, 0xaa, 0xc4, 0x30, 0xf7, 0x15,
  0xfc, 0x59, 0x7c, 0x0e, 0xf1, 0xfd, 0xef, 0xc0, 0xef, 0x8e, 0xfe, 0x10,
  0xf8, 0x81, 0x30, 0x68, 0xe4, 0xf0, 0x9e, 0xb3, 0x6f, 0x35, 0xca, 0x2f,
  0xde, 0x31, 0x45, 0x2e, 0xcb, 0x84, 0xff, 0x00, 0x81, 0x47, 0xbd, 0x7f,
  0x1a, 0x00, 0xff, 0xd4, 0xfd, 0xfc, 0xa2, 0x8a, 0x28, 0x00, 0xa2, 0x8a,
  0x28, 0x00, 0xa2, 0x8a, 0x28, 0x00, 0xa2, 0x8a, 0x28, 0x00, 0xac, 0xdd,
  0x5f, 0x46, 0xd1, 0xfc, 0x41, 0xa7, 0x4f, 0xa3, 0xeb, 0xd6, 0x30, 0x6a,
  0x56, 0x17, 0x4a, 0x52, 0x5b, 0x7b, 0x98, 0x96, 0x68, 0x64, 0x53, 0xd4,
  0x3a, 0x38, 0x2a, 0xc3, 0xd8, 0x8a, 0xd2, 0xa2, 0x80, 0x3f, 0x21, 0xff,
  0x00, 0x69, 0x1f, 0xf8, 0x24, 0x47, 0xc1, 0x8f, 0x89, 0xa2, 0xe7, 0xc4,
  0x5f, 0x05, 0x6e, 0x7f, 0xe1, 0x5e, 0x78, 0x82, 0x4c, 0xbf, 0xd9, 0x55,
  0x5a, 0x6d, 0x22, 0x67, 0xf4, 0x30, 0xe7, 0x7c, 0x19, 0xf5, 0x88, 0x95,
  0x1d, 0xa3, 0x35, 0xf8, 0x57, 0xf1, 0xab, 0xf6, 0x27, 0xfd, 0xa6, 0x7f,
  0x67, 0xeb, 0xb9, 0x64, 0xf1, 0xb7, 0x83, 0x6f, 0x25, 0xd3, 0x6d, 0xdb,
  0x2b, 0xaa, 0xe9, 0xaa, 0xd7, 0xb6, 0x24, 0x0e, 0x43, 0xf9, 0xd1, 0x02,
  0x63, 0xf6, 0x12, 0x84, 0x6f, 0x6a, 0xfe, 0xd3, 0x28, 0x23, 0x3c, 0x1a,
  0x00, 0xfe, 0x25, 0xbc, 0x13, 0xfb, 0x60, 0xfe, 0xd4, 0x7f, 0x0e, 0x2d,
  0x93, 0x4f, 0xf0, 0x8f, 0xc4, 0xed, 0x76, 0xca, 0xd6, 0x1e, 0x12, 0xde,
  0x4b, 0xb7, 0xb9, 0x85, 0x00, 0xec, 0xb1, 0xdc, 0x79, 0x88, 0x07, 0xb0,
  0x15, 0xde, 0x6a, 0x9f, 0xf0, 0x50, 0xff, 0x00, 0xdb, 0x4b, 0x57, 0xb6,
  0x36, 0xb7, 0x7f, 0x15, 0x75, 0x38, 0xd0, 0x8c, 0x66, 0xde, 0x3b, 0x6b,
  0x67, 0xff, 0x00, 0xbe, 0xe1, 0x85, 0x1b, 0xf5, 0xaf, 0xeb, 0x33, 0xc5,
  0x9f, 0xb3, 0xd7, 0xc0, 0x7f, 0x1d, 0xca, 0xf7, 0x1e, 0x32, 0xf8, 0x79,
  0xe1, 0xfd, 0x66, 0x79, 0x3e, 0xf4, 0xb7, 0x5a, 0x65, 0xb4, 0x92, 0x9f,
  0xab, 0x98, 0xf7, 0x7e, 0xb5, 0xc6, 0xe9, 0xdf, 0xb1, 0xcf, 0xec, 0xa7,
  0xa5, 0x5c, 0xad, 0xdd, 0x8f, 0xc2, 0x4f, 0x0c, 0x24, 0xaa, 0x72, 0x09,
  0xd2, 0xed, 0xdf, 0xf4, 0x64, 0x23, 0xf4, 0xa0, 0x0f, 0xe3, 0xc5, 0x13,
  0xe3, 0x8f, 0xed, 0x0b, 0xe2, 0x84, 0x89, 0x7f, 0xb7, 0xfe, 0x21, 0xeb,
  0xd3, 0x1c, 0x2e, 0x4d, 0xce, 0xa7, 0x38, 0xdc, 0x7d, 0xf7, 0x95, 0x1f,
  0x90, 0x15, 0xfa, 0x9d, 0xfb, 0x32, 0xff, 0x00, 0xc1, 0x1e, 0xbe, 0x23,
  0xf8, 0xbe, 0xee, 0xd3, 0xc4, 0xbf, 0xb4, 0x6d, 0xe7, 0xfc, 0x22, 0x1a,
  0x1a, 0x95, 0x73, 0xa4, 0xda, 0x48, 0x93, 0x6a, 0x77, 0x0b, 0xd7, 0x6b,
  0xc8, 0xbb, 0xa2, 0xb7, 0x07, 0xb9, 0xcb, 0xbf, 0x6d, 0xaa, 0x79, 0xaf,
  0xe8, 0xe7, 0x42, 0xf0, 0xdf, 0x87, 0x7c, 0x2f, 0x64, 0xba, 0x67, 0x86,
  0x74, 0xbb, 0x5d, 0x22, 0xcd, 0x71, 0x88, 0x6c, 0xe0, 0x4b, 0x78, 0xc6,
  0x3d, 0x12, 0x30, 0xa3, 0xf4, 0xad, 0xaa, 0x00, 0xe0, 0xfe, 0x1a, 0xfc,
  0x31, 0xf0, 0x1f, 0xc2, 0x0f, 0x07, 0xd8, 0xf8, 0x0b, 0xe1, 0xb6, 0x8b,
  0x06, 0x85, 0xa1, 0xe9, 0xeb, 0x88, 0xad, 0xed, 0xd7, 0x00, 0xb1, 0xfb,
  0xce, 0xec, 0x72, 0xcf, 0x23, 0x1e, 0x59, 0xd8, 0x96, 0x63, 0xd4, 0xd7,
  0x79, 0x45, 0x14, 0x00, 0x51, 0x45, 0x14, 0x00, 0x51, 0x45, 0x14, 0x00,
  0x51, 0x45, 0x14, 0x00, 0x51, 0x45, 0x14, 0x01, 0xfc, 0xc3, 0xff, 0x00,
  0xc1, 0x65, 0x3e, 0x11, 0xea, 0x3e, 0x16, 0xfd, 0xa0, 0x74, 0x9f, 0x8b,
  0x10, 0x5b, 0x1f, 0xec, 0x8f, 0x1a, 0xe9, 0xb1, 0x44, 0xf3, 0x01, 0xf2,
  0x8b, 0xfd, 0x3c, 0x79, 0x4e, 0x8c, 0x7a, 0x02, 0x61, 0xf2, 0x88, 0xf5,
  0xe7, 0xd0, 0xd7, 0xd2, 0x9f, 0xf0, 0x4b, 0xef, 0xdb, 0xc7, 0xe1, 0x5f,
  0x86, 0xbe, 0x16, 0x59, 0xfe, 0xcf, 0x7f, 0x18, 0xb5, 0xc8, 0x3c, 0x31,
  0x7f, 0xa0, 0xcd, 0x37, 0xf6, 0x45, 0xf5, 0xf3, 0x88, 0xac, 0xee, 0x6d,
  0x6e, 0x24, 0x32, 0xf9, 0x2f, 0x33, 0x7c, 0x91, 0xc9, 0x1c, 0x8e, 0xd8,
  0xde, 0x42, 0xb2, 0x90, 0x01, 0xc8, 0x22, 0xbf, 0x5e, 0xbe, 0x3f, 0xfc,
  0x04, 0xf8, 0x7f, 0xfb, 0x48, 0xfc, 0x35, 0xd4, 0x3e, 0x18, 0xfc, 0x45,
  0xb5, 0x69, 0x6c, 0x6e, 0xf1, 0x2c, 0x17, 0x11, 0x61, 0x6e, 0x2c, 0xee,
  0x50, 0x1f, 0x2e, 0xe2, 0x06, 0x20, 0xe1, 0xd7, 0x24, 0x72, 0x08, 0x65,
  0x25, 0x58, 0x10, 0x48, 0xaf, 0xe6, 0x7f, 0xe3, 0x77, 0xfc, 0x12, 0x9b,
  0xf6, 0xa4, 0xf8, 0x61, 0xac, 0x5c, 0x7f, 0xc2, 0x15, 0xa4, 0x2f, 0xc4,
  0x2d, 0x03, 0x79, 0xf2, 0x2e, 0xf4, 0xc6, 0x45, 0xb8, 0xd9, 0xdb, 0xce,
  0xb4, 0x91, 0x84, 0x8a, 0xfe, 0xa1, 0x3c, 0xc5, 0xff, 0x00, 0x6a, 0x80,
  0x3f, 0x74, 0x3f, 0x69, 0xbf, 0xf8, 0x28, 0x4f, 0xc0, 0x0f, 0x81, 0xbe,
  0x00, 0xd4, 0xef, 0xbc, 0x3b, 0xe2, 0xcd, 0x37, 0xc5, 0x9e, 0x2e, 0x9a,
  0x07, 0x5d, 0x33, 0x4c, 0xd2, 0xee, 0x63, 0xbc, 0x2d, 0x70, 0xea, 0x44,
  0x6f, 0x3b, 0xc2, 0x59, 0x22, 0x89, 0x4f, 0xcc, 0xc5, 0x88, 0x24, 0x0c,
  0x28, 0x26, 0xbf, 0x97, 0x6f, 0xd9, 0xe7, 0xe1, 0x4e, 0xb5, 0xfb, 0x44,
  0xfc, 0x7c, 0xf0, 0xb7, 0xc3, 0x98, 0x11, 0xe7, 0x7f, 0x11, 0xea, 0x48,
  0xd7, 0xf2, 0xa0, 0xe6, 0x3b, 0x40, 0xde, 0x6d, 0xdc, 0xc4, 0x8e, 0x9b,
  0x62, 0x0e, 0x7e, 0xb8, 0x1d, 0x48, 0xaf, 0x6b, 0xf0, 0x1f, 0xfc, 0x13,
  0x83, 0xf6, 0xc8, 0xf1, 0xee, 0xab, 0x16, 0x9d, 0x0f, 0xc3, 0xcb, 0xbd,
  0x0a, 0x17, 0x38, 0x7b, 0xad, 0x61, 0x92, 0xc6, 0x08, 0x87, 0xf7, 0x9b,
  0xcc, 0x3e, 0x63, 0x0f, 0x64, 0x46, 0x3e, 0x82, 0xbf, 0xa1, 0xcf, 0xd8,
  0x7f, 0xf6, 0x0e, 0xf0, 0x77, 0xec, 0x87, 0xa2, 0x5c, 0xea, 0xf7, 0x77,
  0x69, 0xe2, 0x2f, 0x1e, 0x6b, 0x31, 0x08, 0xaf, 0xb5, 0x30, 0x9b, 0x62,
  0x86, 0x1c, 0x86, 0xfb, 0x35, 0xa2, 0xb7, 0xcc, 0xb1, 0xee, 0x00, 0xb3,
  0x1f, 0x9a, 0x42, 0x01, 0x20, 0x00, 0x14, 0x00, 0x7f, 0xff, 0xd5, 0xfd,
  0xfc, 0xa2, 0x8a, 0x28, 0x00, 0xa2, 0x8a, 0x28, 0x00, 0xa2, 0x8a, 0x28,
  0x00, 0xa2, 0x8a, 0x28, 0x00, 0xa2, 0x8a, 0x28, 0x00, 0xa2, 0x8a, 0x28,
  0x00, 0xa2, 0x8a, 0x28, 0x00, 0xa2, 0x8a, 0x28, 0x00, 0xa2, 0x8a, 0x28,
  0x00, 0xa2, 0x8a, 0x28, 0x00, 0xa2, 0x8a, 0x28, 0x00, 0xa2, 0x8a, 0x28,
  0x00, 0xa2, 0x8a, 0x28, 0x00, 0xa2, 0x8a, 0x28, 0x00, 0xa2, 0x8a, 0x28,
  0x03, 0xff, 0xd9
};
const unsigned int crochet_jpg_len = 18183;
